date,open,high,low,close
2016-08-31,304.0,307.25,301.0,301.5
2016-09-01,302.0,311.5,301.75,311.0
2016-09-02,311.0,317.75,311.0,316.5
2016-09-06,316.0,317.25,312.5,316.75
2016-09-07,316.25,322.0,315.0,321.0
2016-09-08,322.0,327.0,322.0,327.0
2016-09-09,326.5,330.5,323.75,330.0
2016-09-12,329.25,330.25,326.0,329.25
2016-09-13,329.25,330.0,319.25,319.25
2016-09-14,320.5,322.25,317.5,322.25
2016-09-15,331.5,334.75,327.5,330.0
2016-09-16,329.0,338.25,327.5,337.0
2016-09-19,337.25,340.0,332.25,337.25
2016-09-20,336.0,342.25,335.0,340.5
2016-09-21,339.0,341.0,338.0,340.0
2016-09-22,339.25,341.5,334.75,336.75
2016-09-23,336.0,338.5,333.75,336.5
2016-09-26,334.0,336.5,328.5,329.0
2016-09-27,329.25,332.5,327.25,331.75
2016-09-28,331.75,332.5,328.75,329.25
2016-09-29,329.75,333.5,328.0,329.25
2016-09-30,329.0,337.5,325.0,336.75
2016-10-03,336.25,347.75,335.25,346.0
2016-10-04,345.0,349.0,343.5,348.25
2016-10-05,347.75,349.25,345.25,347.75
2016-10-06,347.25,347.75,338.5,340.5
2016-10-07,340.75,344.75,339.5,339.75
2016-10-11,343.0,347.0,341.0,345.5
2016-10-12,345.0,348.5,336.5,337.0
2016-10-13,337.5,349.75,337.25,349.5
2016-10-14,349.5,358.75,348.75,354.25
2016-10-17,353.0,357.75,350.25,354.0
2016-10-18,354.25,357.5,351.5,353.75
2016-10-19,353.5,358.0,351.0,357.5
2016-10-20,357.5,359.25,349.25,351.0
2016-10-21,351.25,354.25,350.5,352.5
2016-10-24,351.5,354.5,346.25,348.25
2016-10-25,348.25,352.25,347.25,349.25
2016-10-26,349.25,355.75,349.0,354.0
2016-10-27,353.75,358.5,352.25,357.5
2016-10-28,357.5,358.25,354.25,355.0
2016-10-31,355.0,358.0,352.25,354.75
2016-11-01,354.75,354.75,347.25,349.0
2016-11-02,348.75,350.5,344.25,346.25
2016-11-03,346.25,348.75,345.0,348.0
2016-11-04,348.0,349.75,345.5,348.75
2016-11-07,348.0,349.5,345.0,346.25
2016-11-08,346.0,356.5,345.0,354.25
2016-11-09,353.0,355.0,340.5,340.75
2016-11-10,341.5,346.5,340.25,343.5
2016-11-14,340.5,341.0,335.5,337.25
2016-11-15,337.0,342.25,335.75,341.5
2016-11-16,341.5,343.5,338.5,338.5
2016-11-17,339.0,343.5,338.25,342.0
2016-11-18,342.0,346.75,340.5,345.5
2016-11-21,345.25,350.0,344.75,349.75
2016-11-22,349.5,351.75,346.0,351.0
2016-11-23,350.25,351.0,346.5,350.75
2016-11-25,349.75,350.75,348.5,349.25
2016-11-28,349.25,353.0,346.75,348.5
2016-11-29,348.0,348.25,335.5,336.75
2016-11-30,337.25,341.75,336.0,336.75
2016-12-01,337.0,338.25,331.0,331.75
2016-12-02,332.75,338.0,332.75,337.5
2016-12-05,337.5,350.0,337.5,349.5
2016-12-06,348.25,354.0,348.25,351.0
2016-12-07,350.25,351.0,347.25,350.5
2016-12-08,350.25,352.75,344.25,346.5
2016-12-09,349.0,352.5,344.5,352.5
2016-12-12,352.25,355.0,349.75,354.5
2016-12-13,355.25,359.0,353.5,356.25
2016-12-14,356.75,357.0,351.75,351.75
2016-12-15,361.5,363.0,356.25,356.5
2016-12-16,356.0,359.0,353.5,356.25
2016-12-19,356.0,356.75,351.5,353.25
2016-12-20,353.25,353.75,349.25,350.25
2016-12-21,350.0,351.25,346.75,347.25
2016-12-22,347.25,348.0,346.0,347.25
2016-12-23,347.0,347.75,345.5,345.75
2016-12-27,346.5,356.0,346.25,355.0
2016-12-28,354.25,354.75,347.25,348.25
2016-12-29,348.25,351.0,347.5,349.75
2016-12-30,349.5,353.0,347.75,352.0
2017-01-03,352.0,358.5,351.5,355.75
2017-01-04,355.0,360.0,354.75,359.75
2017-01-05,359.5,362.75,358.5,361.25
2017-01-06,360.75,362.5,356.75,358.0
2017-01-09,359.0,360.75,355.25,360.0
2017-01-10,359.25,359.5,357.25,358.25
2017-01-11,357.75,358.25,352.0,357.25
2017-01-12,357.0,360.0,353.0,358.25
2017-01-13,357.5,359.5,355.25,358.5
2017-01-17,359.0,366.5,358.5,365.5
2017-01-18,364.5,367.75,362.75,365.0
2017-01-19,364.0,367.5,362.75,366.25
2017-01-20,366.0,370.0,365.0,369.75
2017-01-23,369.5,370.0,367.5,369.5
2017-01-24,369.25,371.0,362.25,363.25
2017-01-25,363.25,366.75,361.0,366.25
2017-01-26,366.0,366.75,362.0,363.75
2017-01-27,363.25,364.25,360.5,362.5
2017-01-30,361.5,361.75,355.75,357.75
2017-01-31,358.5,361.25,357.75,359.75
2017-02-01,360.0,368.5,358.0,368.25
2017-02-02,367.5,369.75,366.25,367.5
2017-02-03,365.75,367.75,364.0,365.25
2017-02-06,364.0,368.75,362.5,363.75
2017-02-07,363.75,369.0,362.5,368.5
2017-02-08,368.0,371.0,366.5,370.75
2017-02-09,369.5,372.75,367.5,369.5
2017-02-10,368.5,375.5,368.5,374.5
2017-02-13,373.5,376.75,371.75,375.5
2017-02-14,375.0,375.25,373.0,374.25
2017-02-15,374.0,379.0,371.75,378.75
2017-02-16,378.0,380.0,373.0,373.5
2017-02-17,373.25,373.25,368.0,368.25
2017-02-21,368.5,370.75,366.5,369.25
2017-02-22,369.25,372.75,369.25,371.0
2017-02-23,370.5,371.75,365.25,365.5
2017-02-24,365.75,366.75,362.5,364.0
2017-02-27,364.25,365.5,359.5,360.25
2017-02-28,361.5,378.75,361.25,366.75
2017-03-01,366.25,376.0,365.75,375.75
2017-03-02,375.0,375.75,370.5,372.75
2017-03-03,371.75,375.5,371.25,374.75
2017-03-06,375.5,377.0,371.0,372.75
2017-03-07,373.0,373.25,367.5,369.5
2017-03-08,369.25,370.25,365.0,365.25
2017-03-09,366.0,366.5,359.25,359.75
2017-03-10,360.25,360.25,356.0,358.0
2017-03-13,358.0,358.75,353.5,354.5
2017-03-14,354.0,358.25,353.0,353.75
2017-03-15,362.25,364.75,362.0,363.5
2017-03-16,363.5,367.0,363.5,366.0
2017-03-17,366.25,367.75,364.5,367.5
2017-03-20,369.0,370.75,363.0,363.5
2017-03-21,363.5,364.0,359.25,361.25
2017-03-22,361.25,361.75,358.25,358.75
2017-03-23,358.5,359.75,356.25,356.75
2017-03-24,357.0,358.0,355.25,356.25
2017-03-27,356.75,358.25,354.25,355.75
2017-03-28,356.0,358.75,355.75,357.75
2017-03-29,357.25,360.75,356.5,358.5
2017-03-30,358.25,358.75,356.75,357.5
2017-03-31,358.0,366.75,355.0,364.25
2017-04-03,365.75,371.75,365.5,367.75
2017-04-04,367.0,369.75,362.75,363.0
2017-04-05,363.0,365.75,361.5,364.75
2017-04-06,364.25,365.5,360.0,360.75
2017-04-07,360.5,361.75,357.25,359.5
2017-04-10,360.0,367.0,359.0,367.0
2017-04-11,366.0,369.0,362.25,366.5
2017-04-12,366.5,371.5,366.25,369.0
2017-04-13,368.75,373.0,368.5,371.0
2017-04-17,371.0,372.0,365.5,366.5
2017-04-18,366.5,368.0,360.75,361.75
2017-04-19,361.25,365.25,360.5,361.75
2017-04-20,361.75,363.75,357.25,357.75
2017-04-21,357.5,358.75,354.25,357.0
2017-04-24,358.0,360.5,356.25,359.25
2017-04-25,359.25,368.25,356.25,365.0
2017-04-26,365.0,367.25,358.25,359.0
2017-04-27,358.75,364.0,358.5,362.0
2017-04-28,360.0,361.25,355.5,358.0
2017-05-01,363.0,370.5,361.75,369.25
2017-05-02,367.25,369.75,362.25,364.0
2017-05-03,363.5,367.5,362.25,366.25
2017-05-04,367.0,367.5,357.5,358.0
2017-05-05,359.0,365.5,359.0,361.75
2017-05-08,360.5,360.5,356.5,356.75
2017-05-09,358.25,360.5,357.25,358.25
2017-05-10,358.75,365.25,358.25,365.25
2017-05-11,364.25,364.25,360.25,360.5
2017-05-12,361.0,362.0,360.0,361.75
2017-05-15,370.5,371.75,367.25,367.75
2017-05-16,367.25,368.75,365.25,367.75
2017-05-17,367.0,372.25,366.25,371.5
2017-05-18,371.5,371.5,364.25,366.0
2017-05-19,366.0,373.0,366.0,372.5
2017-05-22,372.75,377.5,371.75,375.0
2017-05-23,374.75,375.75,369.0,369.5
2017-05-24,370.0,371.5,368.75,371.25
2017-05-25,371.0,373.0,368.75,369.25
2017-05-26,369.25,374.75,368.75,374.25
2017-05-30,373.5,373.75,366.25,367.0
2017-05-31,370.25,376.5,369.0,372.0
2017-06-01,371.5,373.75,367.5,370.5
2017-06-02,370.5,374.75,369.5,372.75
2017-06-05,373.75,375.5,372.0,373.0
2017-06-06,372.0,379.75,371.25,377.25
2017-06-07,378.25,387.0,378.25,384.75
2017-06-08,385.0,391.75,384.25,385.75
2017-06-09,384.25,389.5,380.75,387.75
2017-06-12,386.0,387.25,376.25,377.25
2017-06-13,379.25,383.75,377.5,381.0
2017-06-14,381.0,385.0,376.75,377.0
2017-06-15,376.75,382.0,370.0,379.5
2017-06-16,378.75,384.5,377.0,384.0
2017-06-19,378.25,381.5,375.25,375.25
2017-06-20,376.25,377.5,369.25,370.0
2017-06-21,369.5,373.5,368.25,368.75
2017-06-22,368.75,369.25,362.5,362.75
2017-06-23,362.75,364.75,356.5,357.75
2017-06-26,358.5,361.75,357.25,359.0
2017-06-27,361.25,364.25,359.25,359.25
2017-06-28,359.5,360.5,356.75,356.75
2017-06-29,356.75,362.25,356.25,359.75
2017-06-30,360.0,372.5,359.5,370.5
2017-07-03,373.25,385.25,373.0,378.0
2017-07-05,379.5,383.25,374.75,381.75
2017-07-06,380.0,381.25,375.0,380.25
2017-07-07,379.0,386.75,378.25,382.25
2017-07-10,387.75,392.25,387.75,391.75
2017-07-11,393.25,394.5,387.0,392.25
2017-07-12,390.5,391.25,376.0,376.25
2017-07-13,376.25,376.25,360.0,361.0
2017-07-14,369.0,369.0,365.25,365.25
2017-07-17,375.75,378.75,370.5,375.0
2017-07-18,380.75,388.75,375.25,377.0
2017-07-19,376.5,389.0,374.25,382.5
2017-07-20,382.5,393.25,380.5,391.0
2017-07-21,390.5,391.0,378.5,379.75
2017-07-24,375.5,377.5,371.0,377.25
2017-07-25,382.0,383.75,368.5,368.75
2017-07-26,368.5,373.25,366.0,372.75
2017-07-27,374.0,377.25,373.0,374.25
2017-07-28,373.75,377.0,373.0,374.25
2017-07-31,371.0,372.25,367.5,370.75
2017-08-01,369.25,371.5,362.0,362.5
2017-08-02,364.5,367.25,363.75,365.0
2017-08-03,365.0,367.25,361.25,363.5
2017-08-04,363.5,368.0,363.25,366.5
2017-08-07,368.75,372.5,368.25,372.25
2017-08-08,372.5,374.25,368.25,369.75
2017-08-09,369.0,372.5,368.75,372.25
2017-08-10,371.75,375.5,356.5,357.25
2017-08-11,358.75,361.5,357.25,360.75
2017-08-14,358.75,363.0,356.0,362.75
2017-08-15,361.0,361.0,354.0,355.25
2017-08-16,355.0,356.75,349.25,352.5
2017-08-17,352.5,353.75,349.5,350.5
2017-08-18,350.0,352.5,349.75,352.0
2017-08-21,350.5,350.75,346.5,349.0
2017-08-22,349.0,351.0,346.0,346.0
2017-08-23,346.25,348.75,341.5,342.0
2017-08-24,341.5,342.75,340.25,342.0
2017-08-25,342.0,342.75,338.0,338.75
2017-08-28,338.75,340.25,335.5,336.0
2017-08-29,335.5,336.0,332.0,333.5
2017-08-30,333.0,334.0,329.0,329.5
2017-08-31,329.25,342.75,328.5,342.25
2017-09-01,341.5,345.5,338.0,340.0
2017-09-05,343.25,345.75,341.25,344.25
2017-09-06,343.75,347.25,342.0,347.0
2017-09-07,346.75,346.75,341.75,341.75
2017-09-08,342.25,345.5,342.25,344.25
2017-09-11,345.25,346.5,342.75,345.5
2017-09-12,346.0,346.0,336.0,340.0
2017-09-13,339.5,344.25,338.5,338.5
2017-09-14,343.25,343.25,341.75,341.75
2017-09-15,353.5,355.5,352.5,354.75
2017-09-18,353.25,355.5,350.5,351.5
2017-09-19,351.0,353.25,346.5,348.25
2017-09-20,348.0,351.5,347.25,350.0
2017-09-21,349.5,351.25,348.5,350.25
2017-09-22,349.75,356.25,349.5,353.5
2017-09-25,352.75,355.0,351.25,353.75
2017-09-26,352.75,355.5,351.5,352.25
2017-09-27,352.0,354.5,348.5,354.0
2017-09-28,353.25,353.75,350.5,352.5
2017-09-29,352.25,358.0,350.0,355.25
2017-10-02,354.75,356.25,351.0,351.5
2017-10-03,351.5,351.5,348.75,349.5
2017-10-04,349.25,349.5,346.0,348.25
2017-10-05,348.25,351.25,347.5,349.5
2017-10-06,349.25,351.0,348.5,350.0
2017-10-09,350.5,351.75,348.0,349.5
2017-10-10,349.0,351.25,348.25,349.25
2017-10-11,348.75,349.0,345.5,346.0
2017-10-12,346.0,354.0,342.5,349.0
2017-10-13,348.5,353.5,348.25,352.75
2017-10-16,352.75,353.25,349.75,350.5
2017-10-17,350.25,351.75,348.5,350.0
2017-10-18,350.25,350.5,347.75,348.5
2017-10-19,348.75,351.5,348.5,349.0
2017-10-20,349.0,350.0,344.25,344.5
2017-10-23,344.25,351.75,343.0,351.25
2017-10-24,351.0,353.0,349.5,352.75
2017-10-25,352.5,355.25,350.5,351.0
2017-10-26,350.75,352.0,349.5,350.5
2017-10-27,350.25,350.25,347.5,348.75
2017-10-30,348.5,349.75,347.25,348.75
2017-10-31,348.0,348.75,345.5,345.75
2017-11-01,345.75,349.25,345.25,348.25
2017-11-02,347.75,352.0,347.5,350.5
2017-11-03,350.25,351.0,347.5,348.25
2017-11-06,348.5,350.25,347.75,348.0
2017-11-07,347.75,348.25,346.25,347.75
2017-11-08,347.5,349.0,345.75,348.25
2017-11-09,347.5,349.75,340.75,341.5
2017-11-10,341.75,344.0,341.0,343.5
2017-11-13,343.5,344.0,341.5,342.25
2017-11-14,342.0,342.25,337.25,337.5
2017-11-15,337.25,339.0,337.0,338.25
2017-11-16,338.25,339.0,336.25,336.5
2017-11-17,336.5,343.5,336.5,343.0
2017-11-20,342.5,345.25,341.5,345.0
2017-11-21,344.0,345.75,342.75,345.0
2017-11-22,344.25,347.0,344.0,345.25
2017-11-24,344.25,345.75,339.75,342.25
2017-11-27,342.5,342.5,338.5,338.75
2017-11-28,339.0,339.5,335.75,336.25
2017-11-29,335.75,340.0,335.5,339.0
2017-11-30,339.25,343.0,337.5,341.75
2017-12-01,341.75,345.25,341.0,344.75
2017-12-04,344.75,346.0,338.75,339.5
2017-12-05,339.75,343.0,338.5,339.75
2017-12-06,339.0,341.5,337.75,339.25
2017-12-07,339.0,340.0,337.5,338.75
2017-12-08,338.5,341.25,338.5,340.0
2017-12-11,340.0,340.0,336.0,336.5
2017-12-12,336.5,340.75,335.25,335.75
2017-12-13,337.25,337.5,336.5,336.75
2017-12-14,337.0,338.0,336.25,336.25
2017-12-15,348.75,350.75,346.5,347.5
2017-12-18,347.25,348.75,346.5,347.0
2017-12-19,346.75,348.75,346.5,347.5
2017-12-20,347.5,349.75,347.25,349.25
2017-12-21,349.0,351.75,348.5,351.25
2017-12-22,350.75,352.5,350.5,352.0
2017-12-26,352.0,353.25,351.0,352.75
2017-12-27,352.0,354.25,351.75,353.75
2017-12-28,353.0,353.5,350.0,352.0
2017-12-29,351.25,351.5,350.25,350.75
2018-01-02,351.25,354.0,350.5,353.25
2018-01-03,353.0,354.75,352.25,353.0
2018-01-04,353.0,353.5,350.25,351.0
2018-01-05,350.75,352.25,350.25,351.25
2018-01-08,350.75,351.5,346.75,347.25
2018-01-09,347.5,350.0,347.25,349.0
2018-01-10,348.75,350.0,348.0,349.0
2018-01-11,349.0,350.5,348.0,348.75
2018-01-12,348.75,350.0,345.5,346.25
2018-01-16,347.25,349.25,346.0,348.25
2018-01-17,348.5,353.25,348.25,353.0
2018-01-18,352.5,354.0,350.5,351.5
2018-01-19,351.5,354.0,351.25,352.5
2018-01-22,353.5,354.5,351.25,352.0
2018-01-23,351.75,352.0,349.5,351.25
2018-01-24,351.25,357.0,349.75,356.5
2018-01-25,356.0,358.0,354.5,355.25
2018-01-26,355.0,357.0,354.5,356.5
2018-01-29,356.75,359.25,356.75,358.75
2018-01-30,359.5,362.25,359.0,361.5
2018-01-31,361.5,362.0,359.5,361.5
2018-02-01,360.75,362.0,358.5,361.75
2018-02-02,361.0,362.5,359.5,361.5
2018-02-05,359.5,360.75,357.25,358.75
2018-02-06,358.75,364.0,356.25,363.5
2018-02-07,363.75,365.75,362.5,365.25
2018-02-08,365.0,367.75,364.5,365.75
2018-02-09,364.75,365.5,361.5,362.0
2018-02-12,365.0,367.0,364.25,367.0
2018-02-13,366.5,368.5,366.0,366.75
2018-02-14,366.5,368.5,364.75,367.25
2018-02-15,367.0,368.75,365.5,367.75
2018-02-16,368.0,368.5,366.5,367.5
2018-02-20,369.0,370.0,365.25,365.5
2018-02-21,365.75,368.5,364.25,365.75
2018-02-22,365.5,367.0,364.25,366.75
2018-02-23,366.25,367.75,365.25,366.25
2018-02-26,366.5,370.0,366.5,368.5
2018-02-27,368.25,371.0,367.75,370.5
2018-02-28,370.5,376.75,369.75,374.5
2018-03-01,374.0,379.0,372.0,378.75
2018-03-02,377.75,380.25,376.0,377.25
2018-03-05,376.25,378.5,374.75,378.25
2018-03-06,377.75,380.25,377.25,379.75
2018-03-07,378.75,380.75,378.5,379.25
2018-03-08,378.5,385.75,378.0,385.75
2018-03-09,385.0,385.25,382.5,383.0
2018-03-12,382.75,384.25,380.5,384.25
2018-03-13,383.75,388.75,383.5,385.5
2018-03-14,386.5,386.5,383.5,383.5
2018-03-15,388.25,390.75,385.5,386.75
2018-03-16,386.25,387.5,382.5,382.75
2018-03-19,382.0,382.0,374.75,375.0
2018-03-20,375.25,377.0,373.25,374.5
2018-03-21,375.0,375.75,373.75,375.0
2018-03-22,375.5,377.5,374.0,376.0
2018-03-23,376.25,378.25,369.25,377.25
2018-03-26,378.5,380.75,373.5,374.0
2018-03-27,374.0,376.0,372.25,374.0
2018-03-28,374.25,375.0,372.0,373.5
2018-03-29,373.75,389.25,373.75,387.75
2018-04-02,389.25,392.5,387.0,387.25
2018-04-03,387.0,392.0,386.75,388.5
2018-04-04,388.0,389.0,372.0,381.0
2018-04-05,382.0,389.5,380.75,389.5
2018-04-06,382.0,390.0,382.0,388.5
2018-04-09,389.75,392.5,388.75,390.75
2018-04-10,390.0,392.25,388.5,389.25
2018-04-11,389.25,390.5,385.75,387.0
2018-04-12,386.5,389.25,385.0,388.75
2018-04-13,388.5,389.25,385.0,386.25
2018-04-16,385.0,386.25,382.0,382.5
2018-04-17,383.0,384.5,379.75,380.25
2018-04-18,380.75,383.5,380.0,383.0
2018-04-19,382.75,383.5,380.75,382.0
2018-04-20,381.25,381.75,376.25,376.5
2018-04-23,376.5,379.25,376.25,378.5
2018-04-24,378.5,381.5,377.0,381.25
2018-04-25,381.0,387.25,380.5,386.5
2018-04-26,386.0,387.0,384.0,386.0
2018-04-27,385.25,390.5,385.25,389.5
2018-04-30,390.75,395.75,390.5,392.5
2018-05-01,393.0,397.0,391.5,396.75
2018-05-02,396.25,397.25,395.0,396.0
2018-05-03,396.0,399.5,395.0,399.5
2018-05-04,399.5,400.0,397.5,398.75
2018-05-07,397.25,397.25,393.25,393.25
2018-05-08,392.75,396.0,391.25,395.5
2018-05-09,396.25,397.0,394.0,394.75
2018-05-10,395.5,399.75,393.25,394.75
2018-05-11,394.0,394.75,389.75,389.75
2018-05-14,388.5,389.0,387.5,389.0
2018-05-15,396.25,402.5,396.0,402.25
2018-05-16,401.75,404.75,398.0,399.25
2018-05-17,399.0,402.0,395.0,395.25
2018-05-18,395.25,403.5,395.0,402.5
2018-05-21,405.5,407.5,401.25,402.75
2018-05-22,402.25,407.0,401.0,404.75
2018-05-23,404.5,409.0,403.0,408.5
2018-05-24,408.25,412.25,403.75,404.25
2018-05-25,404.0,406.75,403.25,406.0
2018-05-29,408.75,410.0,397.5,400.0
2018-05-30,398.25,398.5,390.75,393.5
2018-05-31,393.5,398.5,393.25,394.0
2018-06-01,393.75,397.0,390.75,391.5
2018-06-04,389.75,389.75,380.5,380.75
2018-06-05,380.75,385.25,380.0,383.75
2018-06-06,384.25,386.5,378.0,378.25
2018-06-07,379.0,382.0,374.25,376.25
2018-06-08,376.25,379.0,373.5,377.75
2018-06-11,376.5,379.0,366.75,367.25
2018-06-12,368.0,379.5,367.25,377.5
2018-06-13,377.5,379.75,373.25,376.0
2018-06-14,374.0,374.75,362.5,363.0
2018-06-15,374.0,374.75,355.25,361.25
2018-06-18,359.5,362.0,354.0,356.0
2018-06-19,355.75,357.75,338.75,353.75
2018-06-20,354.0,357.0,347.5,354.25
2018-06-21,354.25,359.0,349.25,357.0
2018-06-22,358.0,359.75,355.0,357.25
2018-06-25,358.5,359.5,349.25,350.5
2018-06-26,350.5,355.5,348.0,352.5
2018-06-27,352.0,356.5,351.5,352.5
2018-06-28,351.5,352.5,344.5,345.0
2018-06-29,345.75,355.5,345.5,350.25
2018-07-02,352.25,352.25,337.0,337.5
2018-07-03,340.25,345.25,339.25,342.75
2018-07-05,345.5,348.75,342.25,343.5
2018-07-06,342.0,352.25,342.0,351.75
2018-07-09,346.0,348.5,343.25,345.75
2018-07-10,344.25,344.75,336.25,339.75
2018-07-11,336.0,337.0,331.25,331.25
2018-07-12,332.25,340.75,329.75,336.5
2018-07-13,332.25,332.5,330.25,330.25
2018-07-16,340.0,345.75,338.75,341.75
2018-07-17,345.0,348.75,344.25,346.25
2018-07-18,346.25,349.0,346.0,347.25
2018-07-19,347.0,352.0,345.0,351.25
2018-07-20,351.25,355.75,349.75,355.25
2018-07-23,356.0,358.5,354.5,357.25
2018-07-24,355.25,356.5,351.5,352.0
2018-07-25,352.25,360.0,352.0,359.25
2018-07-26,361.0,365.75,360.25,361.5
2018-07-27,361.0,363.75,359.5,362.0
2018-07-30,364.0,369.25,363.5,367.25
2018-07-31,367.0,374.25,366.25,372.25
2018-08-01,372.0,373.0,364.0,365.0
2018-08-02,365.0,372.75,364.75,366.75
2018-08-03,366.75,371.25,364.75,369.75
2018-08-06,370.0,371.75,368.25,371.0
2018-08-07,371.0,373.25,368.75,370.75
2018-08-08,370.5,373.75,370.0,371.25
2018-08-09,371.0,372.75,366.5,369.25
2018-08-10,368.5,369.75,357.0,357.75
2018-08-13,357.5,358.0,352.25,356.5
2018-08-14,356.5,363.0,356.5,362.25
2018-08-15,362.25,363.5,359.0,361.5
2018-08-16,361.5,367.5,360.5,365.25
2018-08-17,365.0,367.75,361.75,364.25
2018-08-20,365.25,366.0,359.5,362.0
2018-08-21,362.75,363.75,358.5,359.75
2018-08-22,359.25,359.25,352.25,352.5
2018-08-23,353.0,355.0,346.25,346.75
2018-08-24,346.5,350.0,346.25,348.5
2018-08-27,348.5,348.75,343.0,346.75
2018-08-28,345.75,347.75,340.75,341.0
2018-08-29,341.0,344.0,340.25,341.25
2018-08-30,341.5,344.0,340.5,341.0
2018-08-31,341.0,352.0,340.75,351.0
2018-09-04,351.5,355.25,347.25,354.5
2018-09-05,356.0,356.0,351.0,351.75
2018-09-06,353.5,354.5,350.75,353.5
2018-09-07,352.75,355.75,351.0,354.25
2018-09-10,353.25,356.0,353.0,355.5
2018-09-11,357.25,357.25,354.75,355.25
2018-09-12,354.25,354.5,340.5,341.5
2018-09-13,344.5,344.5,336.25,336.25
2018-09-14,338.5,338.75,337.0,337.0
2018-09-17,351.0,351.75,347.75,348.0
2018-09-18,348.0,348.75,342.5,343.25
2018-09-19,343.0,346.75,343.0,345.75
2018-09-20,345.25,356.25,344.75,352.5
2018-09-21,352.5,357.75,352.25,357.25
2018-09-24,357.25,362.0,355.75,360.5
2018-09-25,360.25,364.25,357.5,363.75
2018-09-26,363.5,364.75,361.25,363.0
2018-09-27,363.0,365.75,361.25,364.75
2018-09-28,364.5,366.75,354.5,356.25
2018-10-01,356.75,366.5,356.5,365.75
2018-10-02,365.0,369.0,363.25,367.5
2018-10-03,367.75,369.0,364.5,364.75
2018-10-04,364.75,368.5,364.75,367.5
2018-10-05,367.5,369.5,363.0,368.25
2018-10-08,368.5,369.5,364.25,366.5
2018-10-09,366.5,368.0,363.75,364.5
2018-10-10,364.5,365.25,362.0,362.75
2018-10-11,362.0,373.0,360.25,369.25
2018-10-12,369.0,374.0,368.5,373.75
2018-10-15,373.0,378.5,371.75,378.25
2018-10-16,377.25,377.5,373.5,375.25
2018-10-17,375.0,376.25,373.25,374.25
2018-10-18,373.0,373.25,369.5,370.75
2018-10-19,370.5,371.0,366.0,367.0
2018-10-22,365.5,370.5,365.5,369.5
2018-10-23,369.25,372.5,368.0,370.25
2018-10-24,369.5,369.75,367.75,368.25
2018-10-25,367.75,368.25,360.5,361.0
2018-10-26,361.75,369.75,361.75,367.75
2018-10-29,368.0,371.5,365.5,366.75
2018-10-30,366.75,368.0,364.25,364.75
2018-10-31,364.75,365.25,362.5,363.25
2018-11-01,363.25,371.0,363.0,366.75
2018-11-02,366.25,373.0,365.25,371.25
2018-11-05,371.0,374.25,369.5,374.0
2018-11-06,373.75,374.5,372.0,373.25
2018-11-07,372.25,373.25,371.0,372.25
2018-11-08,372.0,379.0,366.0,373.5
2018-11-09,372.75,374.0,368.25,369.75
2018-11-12,369.0,372.5,368.0,371.25
2018-11-13,369.5,370.75,365.5,366.5
2018-11-14,366.0,368.0,365.75,367.0
2018-11-15,366.75,371.75,366.5,367.5
2018-11-16,367.25,368.75,363.25,364.75
2018-11-19,364.75,366.25,361.25,362.25
2018-11-20,362.75,363.5,361.25,361.25
2018-11-21,361.25,363.25,360.0,361.75
2018-11-23,361.0,361.75,358.75,359.0
2018-11-26,359.5,360.5,355.25,356.0
2018-11-27,356.0,358.5,355.5,356.5
2018-11-28,356.25,361.5,356.0,360.5
2018-11-29,360.5,363.0,359.0,360.25
2018-11-30,360.75,366.75,360.5,366.5
2018-12-03,372.75,374.0,369.5,371.25
2018-12-04,370.0,374.25,369.5,374.25
2018-12-06,374.0,374.5,369.25,372.0
2018-12-07,371.75,374.75,371.5,374.0
2018-12-10,374.25,376.0,372.75,374.25
2018-12-11,373.75,376.5,372.75,375.0
2018-12-12,375.5,378.0,375.5,376.25
2018-12-13,375.0,377.5,374.0,375.5
2018-12-14,378.0,379.0,376.75,376.75
2018-12-19,385.0,385.25,381.5,381.75
2018-12-20,381.75,382.75,375.0,375.25
2018-12-21,375.5,379.5,374.75,378.5
2018-12-24,378.25,379.0,375.25,377.75
2018-12-26,378.25,379.25,372.5,373.25
2018-12-27,373.25,376.5,373.25,374.5
2018-12-28,374.5,377.5,374.5,375.5
2018-12-31,375.5,377.0,372.75,375.0
2019-01-02,375.25,377.75,374.0,375.75
2019-01-03,375.5,380.5,374.75,379.75
2019-01-04,380.0,383.5,379.75,383.0
2019-01-07,382.25,384.0,381.75,382.25
2019-01-08,382.5,384.5,379.0,380.0
2019-01-09,380.5,383.5,380.5,382.0
2019-01-10,381.5,382.75,376.0,376.25
2019-01-11,377.0,379.25,376.75,378.25
2019-01-14,378.5,381.0,377.0,378.5
2019-01-15,379.5,381.0,371.0,371.25
2019-01-16,372.75,375.0,372.5,374.0
2019-01-17,374.0,381.5,373.75,380.0
2019-01-18,379.75,383.0,377.75,381.75
2019-01-22,380.75,382.25,376.75,379.0
2019-01-23,379.5,381.75,378.0,378.75
2019-01-24,378.75,379.75,375.75,377.0
2019-01-25,377.0,380.5,376.0,380.25
2019-01-28,379.5,381.0,378.0,379.75
2019-01-29,379.75,380.75,376.0,377.25
2019-01-30,377.75,381.5,377.5,381.25
2019-01-31,381.0,381.5,375.75,376.5
2019-02-01,376.5,380.75,376.5,378.25
2019-02-04,377.75,379.75,376.5,379.25
2019-02-05,379.5,381.25,377.0,380.75
2019-02-06,380.5,380.75,379.0,380.0
2019-02-07,379.75,380.25,376.25,376.5
2019-02-08,376.5,381.75,374.0,374.25
2019-02-11,374.5,375.0,371.75,372.75
2019-02-12,373.5,378.75,373.0,378.25
2019-02-13,377.5,379.0,376.25,378.75
2019-02-14,378.75,379.0,374.0,374.75
2019-02-15,374.75,376.5,373.0,374.75
2019-02-19,374.25,376.25,369.0,369.75
2019-02-20,371.5,373.5,368.5,370.75
2019-02-21,371.0,378.5,370.5,375.5
2019-02-22,374.75,377.75,374.5,375.25
2019-02-25,377.75,378.5,370.0,370.5
2019-02-26,370.75,371.25,365.5,366.25
2019-02-27,366.0,368.25,362.5,363.75
2019-02-28,363.75,364.75,361.25,362.0
2019-03-01,361.75,364.0,357.5,364.0
2019-03-04,365.25,368.0,364.5,365.0
2019-03-05,366.0,367.25,364.75,366.0
2019-03-06,366.0,366.0,361.0,362.5
2019-03-07,362.25,362.25,355.75,356.0
2019-03-08,357.75,358.25,354.0,354.75
2019-03-11,357.5,357.5,352.5,352.5
2019-03-12,353.25,357.75,352.75,356.5
2019-03-13,357.25,359.5,355.0,357.25
2019-03-14,360.25,363.25,360.0,361.5
2019-03-15,369.25,373.75,369.0,373.25
2019-03-18,374.0,375.5,370.25,371.5
2019-03-19,372.0,373.75,367.75,371.25
2019-03-20,371.5,372.5,368.75,371.5
2019-03-21,371.0,377.5,370.5,376.25
2019-03-22,375.75,380.75,375.5,378.25
2019-03-25,378.75,380.75,376.75,379.75
2019-03-26,379.25,380.5,375.5,377.25
2019-03-27,376.75,377.0,372.0,373.75
2019-03-28,373.75,374.75,372.0,374.0
2019-03-29,373.75,375.0,356.0,356.5
2019-04-01,356.5,363.0,356.5,361.75
2019-04-02,362.25,363.5,359.25,361.5
2019-04-03,361.25,364.75,360.5,362.75
2019-04-04,362.75,366.25,362.75,365.25
2019-04-05,364.5,364.75,360.5,362.5
2019-04-08,362.25,363.5,359.5,360.0
2019-04-09,359.75,362.25,355.25,360.0
2019-04-10,360.25,362.75,360.0,361.75
2019-04-11,361.25,363.0,358.5,360.0
2019-04-12,360.25,361.5,358.5,361.0
2019-04-15,361.25,364.25,361.0,362.75
2019-04-16,362.5,362.5,357.25,359.0
2019-04-17,358.25,360.0,356.75,358.25
2019-04-18,358.0,359.25,357.0,358.5
2019-04-22,359.0,359.0,354.25,354.75
2019-04-23,354.75,355.0,350.25,351.25
2019-04-24,351.0,352.5,345.5,346.75
2019-04-25,346.0,351.0,342.25,347.5
2019-04-26,347.25,353.5,347.0,351.25
2019-04-29,353.25,356.0,351.25,352.0
2019-04-30,352.25,354.0,349.25,353.25
2019-05-01,353.5,360.5,353.5,360.0
2019-05-02,361.0,362.25,358.5,362.0
2019-05-03,362.25,363.25,360.25,363.0
2019-05-06,352.5,356.0,349.0,355.75
2019-05-07,357.0,359.25,355.0,358.0
2019-05-08,356.5,356.5,353.25,355.25
2019-05-09,350.0,350.0,344.0,344.5
2019-05-10,346.5,346.5,338.25,342.5
2019-05-13,335.5,348.25,335.5,347.5
2019-05-14,354.25,360.75,353.5,360.5
2019-05-15,369.0,380.0,368.0,369.5
2019-05-16,368.75,380.75,368.75,379.0
2019-05-17,380.0,384.75,380.0,383.25
2019-05-20,386.0,391.5,385.75,389.0
2019-05-21,393.25,399.0,391.25,394.25
2019-05-22,393.25,396.5,386.25,394.5
2019-05-23,394.0,399.0,387.0,389.75
2019-05-24,390.5,404.75,389.75,404.25
2019-05-28,408.0,421.0,407.5,420.25
2019-05-29,429.25,438.0,412.25,418.75
2019-05-30,416.5,436.75,413.25,436.25
2019-05-31,435.0,437.5,423.25,427.0
2019-06-03,426.25,430.75,418.25,424.25
2019-06-04,435.0,436.0,421.25,425.25
2019-06-05,424.25,424.75,412.25,414.75
2019-06-06,414.5,421.5,407.0,420.5
2019-06-07,421.0,423.5,415.0,415.75
2019-06-10,413.0,416.5,409.0,415.75
2019-06-11,415.0,430.25,408.25,427.75
2019-06-12,427.75,434.5,424.0,430.0
2019-06-13,429.75,442.75,429.5,442.0
2019-06-14,442.0,457.25,441.75,453.0
2019-06-17,458.25,464.25,450.5,454.75
2019-06-18,455.5,458.0,442.75,449.75
2019-06-19,449.75,451.75,438.25,441.0
2019-06-20,441.5,450.75,436.5,450.0
2019-06-21,452.0,454.0,441.75,442.25
2019-06-24,442.25,447.75,440.25,446.75
2019-06-25,451.0,453.0,446.5,447.5
2019-06-26,447.0,447.25,440.75,443.25
2019-06-27,443.0,445.5,438.5,440.0
2019-06-28,439.0,455.0,411.0,420.25
2019-07-01,424.25,424.75,410.25,412.0
2019-07-02,412.5,415.5,408.25,413.5
2019-07-03,417.0,433.75,417.0,433.0
2019-07-05,433.0,435.5,427.0,434.0
2019-07-08,440.75,442.75,432.0,438.5
2019-07-09,437.25,437.75,429.25,431.75
2019-07-10,430.0,434.75,428.0,434.25
2019-07-11,433.25,448.0,433.25,447.75
2019-07-12,447.75,457.0,447.75,449.5
2019-07-15,459.25,460.0,439.75,441.0
2019-07-16,437.75,440.75,429.0,435.25
2019-07-17,435.25,441.5,431.5,436.0
2019-07-18,435.0,436.0,423.25,424.5
2019-07-19,425.5,434.0,423.75,430.75
2019-07-22,430.75,432.25,421.0,422.25
2019-07-23,423.75,426.5,418.25,425.5
2019-07-24,425.0,430.5,421.5,424.0
2019-07-25,424.0,425.75,418.0,418.5
2019-07-26,418.25,419.5,413.0,414.5
2019-07-29,413.25,419.5,412.0,417.0
2019-07-30,417.0,417.0,410.25,411.25
2019-07-31,410.75,413.75,400.0,400.25
2019-08-01,401.75,403.0,387.25,392.75
2019-08-02,394.75,400.0,393.5,399.5
2019-08-05,400.0,406.75,391.0,405.25
2019-08-06,405.75,408.0,400.75,404.0
2019-08-07,404.75,407.5,400.5,406.5
2019-08-08,407.25,412.0,405.5,411.0
2019-08-09,410.75,417.0,407.25,410.25
2019-08-12,409.75,410.0,385.25,385.25
2019-08-13,379.0,379.0,365.5,366.0
2019-08-14,366.25,370.5,358.5,359.0
2019-08-15,360.25,363.75,358.25,360.75
2019-08-16,361.5,371.25,361.25,371.0
2019-08-19,367.25,368.25,363.25,365.0
2019-08-20,366.5,370.25,359.25,359.5
2019-08-21,360.0,364.0,357.0,362.5
2019-08-22,363.0,366.5,359.0,363.25
2019-08-23,362.75,363.0,357.5,359.75
2019-08-26,358.0,362.0,357.0,358.5
2019-08-27,359.0,360.0,356.75,357.0
2019-08-28,357.25,365.5,355.25,362.75
2019-08-29,363.0,369.0,357.5,359.75
2019-08-30,359.75,364.5,356.75,358.0
2019-09-03,358.75,359.0,349.0,349.75
2019-09-04,350.5,351.0,344.5,346.0
2019-09-05,346.5,349.5,346.5,346.5
2019-09-06,347.5,348.25,341.5,342.5
2019-09-09,343.25,343.25,340.0,340.75
2019-09-10,344.0,349.5,344.0,348.5
2019-09-11,349.75,349.75,344.75,348.25
2019-09-12,349.75,354.5,349.5,354.5
2019-09-13,358.5,358.5,355.5,355.5
2019-09-16,372.0,374.75,367.5,374.0
2019-09-17,374.0,374.25,366.0,368.0
2019-09-18,367.75,372.0,365.75,371.25
2019-09-19,371.5,373.75,369.5,372.75
2019-09-20,372.75,374.5,369.5,370.75
2019-09-23,371.25,374.5,371.0,373.25
2019-09-24,372.0,376.0,370.25,374.75
2019-09-25,375.25,377.5,372.25,374.25
2019-09-26,373.5,375.75,368.25,372.5
2019-09-27,371.25,373.0,369.75,371.5
2019-09-30,372.0,388.25,371.5,388.0
2019-10-01,386.75,392.75,385.25,392.5
2019-10-02,390.5,391.75,385.5,387.75
2019-10-03,387.0,390.75,385.5,388.75
2019-10-04,388.0,389.0,383.75,384.75
2019-10-07,387.5,387.75,385.0,387.0
2019-10-08,387.5,396.5,386.0,395.75
2019-10-09,395.5,397.25,393.0,394.25
2019-10-10,392.75,395.0,378.25,380.25
2019-10-11,380.75,398.75,380.5,397.75
2019-10-14,401.25,402.5,393.25,397.75
2019-10-15,397.0,398.5,392.5,393.25
2019-10-16,392.0,392.75,387.5,391.75
2019-10-17,391.75,397.25,391.5,394.75
2019-10-18,394.0,395.75,389.75,391.0
2019-10-21,390.0,393.75,386.5,387.25
2019-10-22,387.0,392.5,385.0,388.0
2019-10-23,387.75,389.5,384.0,387.75
2019-10-24,388.5,390.75,385.25,386.75
2019-10-25,387.0,390.0,385.75,386.75
2019-10-28,386.0,386.5,383.25,384.0
2019-10-29,383.5,387.5,382.0,386.25
2019-10-30,385.75,391.25,385.25,390.75
2019-10-31,390.25,391.0,384.75,390.0
2019-11-01,389.25,391.75,386.25,389.25
2019-11-04,386.75,387.75,383.0,383.25
2019-11-05,383.25,384.75,380.5,381.75
2019-11-06,382.25,385.0,377.5,378.75
2019-11-07,379.25,380.0,373.75,375.25
2019-11-08,375.25,383.75,372.5,377.25
2019-11-11,376.0,377.0,372.5,373.25
2019-11-12,373.5,378.0,372.75,377.75
2019-11-13,377.0,377.75,375.0,375.25
2019-11-14,375.25,377.5,374.5,375.75
2019-11-15,375.5,376.5,370.75,371.25
2019-11-18,371.0,371.75,367.5,367.75
2019-11-19,367.75,373.0,367.75,370.0
2019-11-20,369.75,370.5,365.75,366.75
2019-11-21,366.75,369.75,366.25,368.5
2019-11-22,368.0,370.25,367.5,368.75
2019-11-25,368.75,372.75,368.25,370.5
2019-11-26,369.75,370.5,367.0,367.5
2019-11-27,367.25,368.75,362.25,362.75
2019-11-29,365.75,372.25,365.0,371.25
2019-12-02,371.75,375.5,371.0,373.5
2019-12-03,373.75,376.0,371.5,372.0
2019-12-04,371.75,373.5,367.75,368.75
2019-12-05,368.5,369.75,365.25,365.5
2019-12-06,364.75,368.75,364.75,366.5
2019-12-09,366.5,368.0,365.0,365.75
2019-12-10,365.75,367.0,362.5,363.25
2019-12-11,363.0,363.0,357.0,357.75
2019-12-12,358.25,368.75,358.25,367.0
2019-12-13,373.75,374.5,366.25,366.25
2019-12-16,383.5,389.5,383.25,388.0
2019-12-17,387.5,390.5,386.25,390.0
2019-12-18,389.25,390.0,385.75,387.0
2019-12-19,387.0,389.0,385.0,386.5
2019-12-20,386.5,389.5,386.0,387.75
2019-12-23,388.0,390.25,387.25,388.75
2019-12-24,388.5,389.0,387.0,387.5
2019-12-26,388.0,389.0,386.5,388.5
2019-12-27,388.0,391.0,388.0,390.0
2019-12-30,389.25,392.0,386.75,388.25
2019-12-31,388.25,389.75,386.25,387.75
2020-01-02,387.75,392.0,387.25,391.5
2020-01-03,391.5,392.0,385.5,386.5
2020-01-06,386.25,387.75,382.75,384.75
2020-01-07,385.0,385.75,383.5,384.5
2020-01-08,384.0,385.5,382.25,384.25
2020-01-09,383.75,387.0,382.25,383.25
2020-01-10,383.25,386.75,376.5,385.75
2020-01-13,386.5,389.5,385.5,389.5
2020-01-14,389.25,390.5,388.25,389.0
2020-01-15,388.75,390.25,386.5,387.5
2020-01-16,387.25,387.75,375.25,375.5
2020-01-17,377.0,389.5,376.75,389.25
2020-01-21,389.0,389.25,384.25,387.5
2020-01-22,387.5,391.0,386.75,388.75
2020-01-23,388.5,394.0,387.5,393.75
2020-01-24,393.25,393.25,386.5,387.25
2020-01-27,384.25,384.75,377.25,380.5
2020-01-28,382.5,387.0,378.5,386.5
2020-01-29,385.5,388.25,382.75,384.25
2020-01-30,384.5,385.0,378.5,379.5
2020-01-31,381.5,382.75,378.75,381.25
2020-02-03,380.5,382.0,376.5,378.75
2020-02-04,378.25,383.5,378.25,382.25
2020-02-05,381.5,383.25,379.5,380.75
2020-02-06,380.25,381.75,376.0,379.25
2020-02-07,380.25,385.0,380.0,383.5
2020-02-10,383.25,383.5,379.0,381.75
2020-02-11,381.0,382.0,378.0,379.75
2020-02-12,379.75,383.75,378.25,383.0
2020-02-13,382.25,382.75,379.0,379.5
2020-02-14,379.5,381.5,376.25,377.75
2020-02-18,378.5,383.25,378.0,383.0
2020-02-19,382.25,382.75,378.5,380.5
2020-02-20,380.75,381.25,378.0,378.5
2020-02-21,378.25,380.5,376.25,377.0
2020-02-24,376.25,376.25,370.0,372.25
2020-02-25,373.0,374.75,371.25,372.5
2020-02-26,372.0,374.0,368.25,370.5
2020-02-27,369.75,370.0,361.75,364.5
2020-02-28,364.5,367.25,362.75,366.5
2020-03-02,366.5,375.75,366.0,374.75
2020-03-03,375.75,383.75,375.75,381.75
2020-03-04,382.0,388.5,380.0,387.0
2020-03-05,387.5,387.5,382.0,384.5
2020-03-06,383.75,385.5,377.0,377.25
2020-03-09,372.0,377.5,368.5,374.25
2020-03-10,379.0,381.5,377.5,380.0
2020-03-11,380.25,380.5,377.0,379.25
2020-03-12,377.5,377.5,367.0,369.75
2020-03-13,370.0,375.5,370.0,370.75
2020-03-16,362.5,367.75,354.0,354.75
2020-03-17,355.25,356.75,342.75,344.0
2020-03-18,344.0,345.25,332.0,335.25
2020-03-19,336.5,354.75,336.5,345.5
2020-03-20,346.5,356.75,342.25,343.75
2020-03-23,340.25,345.5,338.25,343.5
2020-03-24,343.5,350.5,338.0,347.25
2020-03-25,347.5,352.75,345.75,348.5
2020-03-26,348.25,349.25,343.75,348.75
2020-03-27,348.5,350.0,342.5,346.0
2020-03-30,343.0,346.75,340.0,341.25
2020-03-31,341.75,344.75,333.5,340.75
2020-04-01,341.25,342.75,333.5,334.75
2020-04-02,335.0,343.25,333.0,333.5
2020-04-03,334.5,338.5,328.0,330.75
2020-04-06,329.75,331.75,325.5,327.75
2020-04-07,328.0,335.5,328.0,331.5
2020-04-08,332.0,334.0,328.25,330.0
2020-04-09,330.75,333.5,328.0,331.75
2020-04-13,332.25,334.0,326.5,331.5
2020-04-14,331.25,332.0,325.75,326.0
2020-04-15,326.0,326.75,317.5,319.25
2020-04-16,318.75,323.0,317.75,319.75
2020-04-17,319.75,325.5,319.5,322.25
2020-04-20,322.5,323.25,313.5,314.25
2020-04-21,314.25,316.25,301.0,309.25
2020-04-22,310.0,320.25,308.25,317.5
2020-04-23,317.0,323.5,315.0,319.25
2020-04-24,319.25,320.75,312.0,315.75
2020-04-27,315.0,315.75,304.25,305.5
2020-04-28,305.0,308.5,301.25,302.75
2020-04-29,302.75,308.75,300.25,304.5
2020-04-30,305.25,313.0,303.5,311.5
2020-05-01,311.0,311.5,308.0,311.5
2020-05-04,309.5,310.75,305.5,310.75
2020-05-05,310.5,314.75,310.5,313.0
2020-05-06,315.0,315.0,311.0,311.75
2020-05-07,313.5,318.0,313.25,316.0
2020-05-08,317.75,321.75,317.5,319.0
2020-05-11,320.0,322.25,318.0,318.5
2020-05-12,318.75,324.5,312.75,323.75
2020-05-13,323.5,323.5,320.0,320.25
2020-05-14,320.25,320.25,320.25,320.25
2020-05-15,317.75,320.5,316.75,319.25
2020-05-18,320.0,322.0,318.0,320.75
2020-05-19,320.75,325.5,320.5,321.25
2020-05-20,321.25,321.5,317.25,319.5
2020-05-21,319.0,320.25,316.25,317.75
2020-05-22,317.75,319.0,316.0,318.0
2020-05-26,316.75,323.0,316.5,319.0
2020-05-27,320.0,321.75,319.25,320.5
2020-05-28,320.25,330.75,319.5,327.5
2020-05-29,327.5,329.5,323.25,325.75
2020-06-01,325.5,327.75,319.25,323.25
2020-06-02,323.5,325.25,322.0,324.25
2020-06-03,324.25,324.5,321.25,324.0
2020-06-04,324.25,329.5,324.0,329.0
2020-06-05,328.75,332.5,328.25,331.25
2020-06-08,333.5,334.75,331.0,333.75
2020-06-09,332.25,334.0,326.75,327.5
2020-06-10,327.25,328.0,324.25,326.25
2020-06-11,326.0,331.0,325.25,329.75
2020-06-12,329.5,333.0,328.25,330.0
2020-06-15,329.25,330.0,325.5,329.25
2020-06-16,331.75,334.5,328.0,329.0
2020-06-17,328.0,331.25,325.0,330.25
2020-06-18,329.75,333.75,328.75,331.0
2020-06-19,329.75,333.75,327.5,332.5
2020-06-22,332.0,332.25,328.0,328.25
2020-06-23,327.5,327.5,321.25,325.0
2020-06-24,324.5,329.0,323.75,324.25
2020-06-25,323.5,324.25,315.0,317.25
2020-06-26,317.0,319.75,313.5,317.0
2020-06-29,316.75,326.5,316.0,326.25
2020-06-30,325.25,342.0,323.75,338.5
2020-07-01,338.5,351.25,337.5,348.25
2020-07-02,347.5,350.25,342.25,342.5
2020-07-06,348.25,349.0,345.25,346.5
2020-07-07,347.5,347.5,341.75,345.0
2020-07-08,343.5,348.5,341.0,348.25
2020-07-09,349.0,356.5,348.25,351.25
2020-07-10,350.25,352.0,340.0,340.5
2020-07-13,337.25,337.25,332.0,334.0
2020-07-14,334.0,336.5,324.5,334.75
2020-07-15,326.0,328.75,322.75,326.25
2020-07-16,326.0,333.25,326.0,330.25
2020-07-17,330.25,334.75,330.25,333.0
2020-07-20,333.0,333.5,326.0,328.25
2020-07-21,327.75,327.75,322.0,322.75
2020-07-22,323.0,328.0,322.25,327.5
2020-07-23,327.25,329.5,325.0,328.0
2020-07-24,328.0,329.75,325.5,326.25
2020-07-27,325.25,327.5,323.25,325.0
2020-07-28,323.0,323.5,320.0,320.0
2020-07-29,320.0,321.5,315.25,315.5
2020-07-30,315.5,319.25,315.25,315.75
2020-07-31,315.75,317.5,314.5,316.0
2020-08-03,315.0,318.25,315.0,317.5
2020-08-04,316.5,316.75,308.25,308.25
2020-08-05,309.0,311.25,309.0,311.0
2020-08-06,310.5,312.75,309.5,311.25
2020-08-07,311.0,311.75,307.25,307.75
2020-08-10,307.5,311.75,307.5,310.5
2020-08-11,311.25,315.0,310.25,311.5
2020-08-12,311.25,315.0,308.0,314.5
2020-08-13,315.0,327.5,314.75,325.25
2020-08-14,324.5,325.25,321.5,324.5
2020-08-17,327.0,331.0,326.5,331.0
2020-08-18,330.0,332.0,325.75,327.0
2020-08-19,326.0,327.25,323.5,325.0
2020-08-20,324.25,325.75,320.75,324.5
2020-08-21,324.75,327.75,324.25,327.0
2020-08-24,328.0,332.5,327.5,331.75
2020-08-25,335.0,341.5,334.75,340.75
2020-08-26,340.25,341.25,337.25,340.5
2020-08-27,340.0,344.75,339.0,344.25
2020-08-28,343.25,347.75,340.75,346.0
2020-08-31,348.75,353.0,346.0,348.5
2020-09-01,347.75,350.0,343.25,349.5
2020-09-02,349.25,350.5,345.25,349.75
2020-09-03,349.75,350.0,343.75,344.5
2020-09-04,344.0,349.0,343.5,347.25
2020-09-08,348.0,353.0,346.0,351.0
2020-09-09,349.75,351.25,348.5,350.0
2020-09-10,349.75,357.75,349.75,357.25
2020-09-11,355.5,366.0,355.5,365.0
2020-09-14,366.75,366.75,357.5,357.5
2020-09-15,369.0,369.5,365.25,366.0
2020-09-16,365.5,372.0,361.75,371.75
2020-09-17,371.5,377.25,368.0,375.25
2020-09-18,374.25,379.25,373.25,378.5
2020-09-21,377.5,378.25,368.25,369.75
2020-09-22,369.75,373.25,365.75,369.25
2020-09-23,368.25,370.25,365.75,368.5
2020-09-24,368.0,368.25,363.0,363.5
2020-09-25,363.25,367.5,363.0,365.25
2020-09-28,364.25,369.75,360.5,366.75
2020-09-29,366.75,367.75,361.0,364.75
2020-09-30,364.25,382.75,362.0,379.0
2020-10-01,379.0,385.5,378.0,382.75
2020-10-02,381.5,383.25,377.25,379.75
2020-10-05,378.75,382.5,377.75,379.5
2020-10-06,378.5,389.25,378.5,385.0
2020-10-07,384.5,392.0,384.0,388.75
2020-10-08,389.0,394.5,386.5,387.0
2020-10-09,387.0,398.25,386.5,395.0
2020-10-12,395.5,399.25,387.25,389.0
2020-10-13,389.0,392.75,388.0,391.25
2020-10-14,391.0,397.5,388.0,396.5
2020-10-15,396.0,404.25,393.5,403.75
2020-10-16,403.25,409.0,401.75,402.0
2020-10-19,401.75,406.75,400.75,405.25
2020-10-20,404.25,409.75,403.5,408.75
2020-10-21,408.25,415.25,407.75,413.75
2020-10-22,413.75,419.0,410.75,416.25
2020-10-23,415.0,420.0,414.0,419.25
2020-10-26,419.25,419.75,412.75,417.75
2020-10-27,416.75,422.25,415.5,416.0
2020-10-28,415.0,415.25,400.5,401.5
2020-10-29,401.0,404.25,393.0,398.5
2020-10-30,397.25,400.0,394.25,398.5
2020-11-02,396.0,397.75,393.0,397.5
2020-11-03,396.25,403.25,395.25,401.0
2020-11-04,400.0,406.0,396.5,405.25
2020-11-05,405.0,417.25,404.0,409.25
2020-11-06,409.0,412.0,405.75,406.75
2020-11-09,405.75,410.0,401.75,407.5
2020-11-10,407.0,427.25,406.25,423.0
2020-11-11,422.5,428.0,416.25,417.25
2020-11-12,417.25,418.5,406.25,408.25
2020-11-13,407.5,413.25,403.75,410.5
2020-11-16,409.0,416.75,409.0,416.25
2020-11-17,417.5,422.0,417.25,420.25
2020-11-18,419.0,428.5,418.5,425.75
2020-11-19,424.5,425.5,418.75,422.5
2020-11-20,422.25,428.0,421.5,423.25
2020-11-23,427.5,429.75,423.5,426.5
2020-11-24,425.75,426.5,416.5,425.75
2020-11-25,426.0,427.5,420.0,420.0
2020-11-27,420.25,426.25,418.5,425.5
2020-11-30,427.5,430.5,418.25,419.75
2020-12-01,420.0,423.0,414.0,414.75
2020-12-02,414.5,419.75,409.0,419.0
2020-12-03,419.25,423.25,417.75,422.5
2020-12-04,422.25,422.75,415.75,417.0
2020-12-07,415.25,421.0,412.0,419.5
2020-12-08,418.75,419.0,415.5,417.0
2020-12-09,418.0,422.25,418.0,422.0
2020-12-10,422.0,425.75,420.0,420.25
2020-12-11,422.0,424.5,417.5,424.25
2020-12-14,424.75,429.75,419.25,419.25
2020-12-15,424.0,425.25,420.5,424.75
2020-12-16,425.25,429.25,423.75,427.25
2020-12-17,426.25,433.0,424.25,432.5
2020-12-18,432.25,438.5,432.0,437.5
2020-12-21,438.0,440.75,430.25,440.0
2020-12-22,440.0,444.25,437.25,443.5
2020-12-23,442.75,449.75,441.5,447.25
2020-12-24,446.75,451.5,446.5,451.0
2020-12-28,452.0,457.5,448.0,456.5
2020-12-29,455.75,467.25,453.5,466.0
2020-12-30,466.0,476.0,462.0,474.5
2020-12-31,474.0,485.75,473.0,484.0
2021-01-04,487.25,497.75,479.5,483.75
2021-01-05,484.5,496.0,482.5,491.75
2021-01-06,492.5,502.75,491.5,495.0
2021-01-07,495.0,496.0,487.25,494.0
2021-01-08,494.0,499.5,492.5,496.25
2021-01-11,496.5,500.5,490.25,492.25
2021-01-12,491.5,517.25,489.25,517.25
2021-01-13,524.0,541.5,522.25,524.5
2021-01-14,523.0,536.5,519.0,534.25
2021-01-15,534.0,536.5,527.75,531.5
2021-01-19,531.5,534.25,523.25,526.0
2021-01-20,525.0,526.5,512.75,522.0
2021-01-21,521.0,531.5,519.25,524.25
2021-01-22,522.5,522.75,499.25,500.5
2021-01-25,500.0,515.5,492.5,511.5
2021-01-26,513.0,534.25,508.0,532.25
2021-01-27,532.5,543.75,529.5,534.0
2021-01-28,533.25,550.5,529.0,534.5
2021-01-29,534.5,553.75,533.25,547.0
2021-02-01,549.0,555.75,539.0,549.25
2021-02-02,549.75,552.5,540.25,543.0
2021-02-03,543.25,552.5,536.5,552.0
2021-02-04,552.0,558.0,547.0,550.0
2021-02-05,548.5,552.25,545.5,548.5
2021-02-08,548.75,565.75,548.75,563.75
2021-02-09,565.0,574.25,545.0,556.25
2021-02-10,556.0,556.25,531.75,534.5
2021-02-11,532.25,546.5,524.75,541.0
2021-02-12,541.0,546.25,536.75,538.75
2021-02-16,547.0,552.75,538.5,552.25
2021-02-17,552.0,554.75,547.5,553.0
2021-02-18,552.75,554.5,548.0,550.25
2021-02-19,549.25,555.5,540.75,542.75
2021-02-22,544.25,551.5,543.5,551.0
2021-02-23,550.75,559.5,550.0,553.75
2021-02-24,553.5,560.75,552.0,559.25
2021-02-25,559.0,560.5,542.5,554.75
2021-02-26,554.5,556.5,546.25,555.5
2021-03-01,560.5,562.5,547.0,547.5
2021-03-02,547.25,564.0,542.0,560.75
2021-03-03,560.0,560.0,548.0,550.25
2021-03-04,550.25,554.25,546.0,546.25
2021-03-05,545.0,564.75,544.5,562.0
2021-03-08,565.25,571.25,557.0,565.0
2021-03-09,565.0,565.0,554.25,562.0
2021-03-10,564.5,564.5,547.5,547.75
2021-03-11,547.0,556.25,547.0,555.0
2021-03-12,545.0,551.5,544.5,549.25
2021-03-15,537.0,550.75,532.75,549.5
2021-03-16,549.5,555.5,546.75,554.25
2021-03-17,554.0,558.5,552.0,558.0
2021-03-18,556.75,558.0,545.25,546.5
2021-03-19,546.25,559.0,545.5,557.75
2021-03-22,558.0,558.75,546.75,549.0
2021-03-23,551.25,556.0,547.75,551.25
2021-03-24,551.0,553.75,548.25,553.25
2021-03-25,552.25,552.5,541.5,546.5
2021-03-26,546.5,554.0,544.0,552.5
2021-03-29,551.75,552.0,542.25,546.75
2021-03-30,546.25,547.5,533.75,539.25
2021-03-31,538.25,564.25,536.25,564.25
2021-04-01,575.0,585.0,556.5,559.75
2021-04-05,561.25,564.5,549.75,553.25
2021-04-06,553.75,561.5,552.25,554.25
2021-04-07,555.75,562.25,553.75,560.5
2021-04-08,560.75,583.0,559.25,579.75
2021-04-09,579.0,595.0,575.5,577.25
2021-04-12,577.75,586.0,567.25,569.0
2021-04-13,569.0,584.5,565.5,580.0
2021-04-14,579.75,597.75,578.75,594.0
2021-04-15,594.25,601.5,587.75,590.0
2021-04-16,590.5,594.75,583.25,585.5
2021-04-19,588.75,596.75,588.25,592.0
2021-04-20,593.0,611.75,592.75,606.5
2021-04-21,609.5,628.5,604.5,625.5
2021-04-22,624.25,650.5,623.5,650.5
2021-04-23,653.0,658.5,638.25,655.5
2021-04-26,661.0,680.5,661.0,680.5
2021-04-27,688.5,720.5,680.5,695.5
2021-04-28,697.75,720.5,676.25,686.25
2021-04-29,683.75,704.5,681.0,702.0
2021-04-30,702.5,746.25,699.25,740.0
2021-05-03,740.0,758.25,724.0,732.25
2021-05-04,732.0,758.25,730.0,744.75
2021-05-05,750.0,756.0,740.75,753.25
2021-05-06,761.0,768.0,746.25,759.5
2021-05-07,763.25,775.0,755.0,772.75
2021-05-10,766.75,770.5,744.75,748.0
2021-05-11,747.25,771.5,747.25,759.5
2021-05-12,764.25,769.25,750.0,757.5
2021-05-13,757.5,769.0,717.5,719.0
2021-05-14,717.25,718.75,685.0,685.0
2021-05-17,642.25,656.75,633.0,652.5
2021-05-18,653.5,669.5,652.5,658.25
2021-05-19,660.5,663.0,637.0,658.25
2021-05-20,662.25,671.25,656.5,664.5
2021-05-21,664.75,666.75,653.5,659.5
2021-05-24,652.25,658.5,645.5,657.25
2021-05-25,660.0,661.75,617.25,620.25
2021-05-26,621.0,629.0,602.75,624.5
2021-05-27,626.0,664.5,621.25,664.5
2021-05-28,666.25,672.75,651.25,656.75
2021-06-01,666.0,696.75,660.75,688.75
2021-06-02,683.25,694.25,666.0,675.0
2021-06-03,675.5,685.0,652.75,662.0
2021-06-04,663.5,685.75,660.75,682.75
2021-06-07,695.0,706.25,674.5,679.25
2021-06-08,682.0,698.0,677.5,680.0
2021-06-09,682.5,695.5,669.5,690.75
2021-06-10,691.0,717.5,687.75,699.0
2021-06-11,699.5,703.0,673.0,684.5
2021-06-14,675.75,676.25,653.0,659.25
2021-06-15,662.75,668.5,646.75,667.5
2021-06-16,670.0,687.75,663.75,673.0
2021-06-17,672.75,674.25,633.0,633.0
2021-06-18,631.0,663.5,629.5,655.25
2021-06-21,640.25,665.0,636.0,659.25
2021-06-22,662.75,668.0,653.75,659.75
2021-06-23,660.5,666.25,659.25,664.25
2021-06-24,664.0,664.0,650.75,653.25
2021-06-25,653.25,659.5,634.0,636.5
2021-06-28,637.75,676.5,636.75,675.5
2021-06-29,678.25,700.0,668.0,694.5
2021-06-30,694.0,743.25,675.5,720.0
2021-07-01,719.75,744.5,712.25,719.75
2021-07-02,720.0,727.0,683.0,697.25
2021-07-06,685.25,685.25,645.5,656.0
2021-07-07,656.0,666.0,645.0,652.5
2021-07-08,657.5,659.5,636.0,638.0
2021-07-09,640.75,643.5,620.0,629.75
2021-07-12,629.75,669.25,619.5,669.25
2021-07-13,669.5,750.5,664.0,677.0
2021-07-14,682.0,687.0,682.0,683.0
2021-07-15,568.5,571.5,561.0,564.25
2021-07-16,564.0,570.5,553.25,556.0
2021-07-19,570.0,571.5,548.75,556.0
2021-07-20,558.0,576.25,557.25,571.75
2021-07-21,572.0,579.0,567.75,571.75
2021-07-22,571.5,571.75,555.0,564.5
2021-07-23,564.75,569.25,544.5,547.25
2021-07-26,549.25,551.25,536.75,549.75
2021-07-27,554.0,564.0,544.25,548.75
2021-07-28,554.0,554.25,545.0,549.25
2021-07-29,549.25,559.0,546.5,558.0
2021-07-30,557.0,557.75,546.5,547.0
2021-08-02,547.25,559.25,540.25,558.75
2021-08-03,555.75,563.5,546.75,550.5
2021-08-04,550.5,555.25,540.25,545.75
2021-08-05,546.75,560.75,545.75,555.75
2021-08-06,555.0,560.5,548.75,555.0
2021-08-09,554.0,556.0,547.0,550.25
2021-08-10,548.5,550.25,544.0,549.25
2021-08-11,548.75,558.5,548.25,556.25
2021-08-12,554.75,589.5,548.5,567.0
2021-08-13,566.75,575.0,559.0,568.25
2021-08-16,568.25,572.0,561.0,564.75
2021-08-17,567.5,569.5,556.25,558.25
2021-08-18,559.0,563.5,556.5,561.75
2021-08-19,560.5,560.5,546.75,550.0
2021-08-20,550.25,554.25,533.25,538.75
2021-08-23,536.0,544.25,531.5,538.0
2021-08-24,539.5,546.5,537.0,544.5
2021-08-25,544.5,555.0,541.25,551.25
2021-08-26,550.0,555.75,548.0,552.75
2021-08-27,553.0,558.75,548.75,558.0
2021-08-30,557.25,560.0,531.5,540.25
2021-08-31,540.0,542.0,524.0,534.0
2021-09-01,534.0,535.0,514.25,515.5
2021-09-02,515.5,521.0,510.0,516.25
2021-09-03,516.75,518.25,506.75,508.0
2021-09-07,509.0,509.0,495.75,495.75
2021-09-08,497.5,504.0,495.0,498.25
2021-09-09,498.5,500.0,494.5,496.0
2021-09-10,499.0,505.0,487.75,502.75
2021-09-13,503.5,503.5,493.0,496.75
2021-09-14,497.0,503.0,497.0,503.0
2021-09-15,520.75,534.5,520.5,533.5
2021-09-16,533.5,537.5,528.0,529.5
2021-09-17,529.0,530.5,521.75,527.25
2021-09-20,527.0,527.0,515.25,521.75
2021-09-21,522.0,522.75,512.75,517.0
2021-09-22,517.0,526.25,516.0,525.5
2021-09-23,524.5,531.0,520.25,529.25
2021-09-24,528.5,528.75,524.0,526.75
2021-09-27,524.75,540.0,524.0,539.5
2021-09-28,538.75,541.75,532.0,532.5
2021-09-29,533.5,541.0,533.5,539.0
2021-09-30,539.0,548.5,527.25,536.75
2021-10-01,536.75,545.25,532.0,541.5
2021-10-04,540.0,547.5,536.0,540.75
2021-10-05,540.0,543.0,535.25,537.5
2021-10-06,537.0,544.75,531.5,532.25
2021-10-07,532.75,535.25,527.5,534.0
2021-10-08,533.25,538.75,530.0,530.5
2021-10-11,530.0,534.0,528.75,533.0
2021-10-12,532.75,533.0,519.25,522.5
2021-10-13,523.0,525.25,506.75,512.25
2021-10-14,512.25,518.25,511.0,516.75
2021-10-15,516.25,528.5,514.25,525.75
2021-10-18,525.75,533.75,523.0,532.75
2021-10-19,532.0,537.0,529.5,530.25
2021-10-20,530.0,540.0,528.5,539.25
2021-10-21,539.0,540.0,530.75,532.25
2021-10-22,533.0,540.0,532.0,538.0
2021-10-25,537.0,542.0,535.0,538.0
2021-10-26,538.0,547.25,533.0,543.5
2021-10-27,542.5,563.25,539.5,557.25
2021-10-28,556.5,568.75,554.0,562.75
2021-10-29,562.5,569.25,558.75,568.25
2021-11-01,568.0,582.0,565.25,579.0
2021-11-02,578.25,586.0,572.0,573.0
2021-11-03,572.0,573.25,563.0,564.0
2021-11-04,563.75,569.75,556.5,559.25
2021-11-05,560.0,562.75,552.25,553.0
2021-11-08,552.0,554.75,549.5,551.5
2021-11-09,551.0,564.0,547.75,554.75
2021-11-10,555.5,571.75,555.0,569.25
2021-11-11,567.75,579.0,566.0,569.5
2021-11-12,569.25,582.0,566.75,577.25
2021-11-15,576.25,578.75,569.75,576.5
2021-11-16,576.0,577.5,570.0,571.0
2021-11-17,570.75,584.0,570.0,575.25
2021-11-18,575.0,583.0,572.0,573.0
2021-11-19,573.0,576.0,568.0,570.75
2021-11-22,570.5,579.0,569.75,576.75
2021-11-23,576.25,581.0,572.5,580.5
2021-11-24,580.25,589.0,575.5,579.75
2021-11-26,571.5,588.0,566.75,586.75
2021-11-29,586.0,588.25,576.5,581.0
2021-11-30,581.0,582.0,562.0,567.0
2021-12-01,568.0,576.0,567.0,572.0
2021-12-02,571.25,583.0,570.0,577.0
2021-12-03,576.25,588.75,576.25,586.0
2021-12-06,586.0,586.0,578.0,583.5
2021-12-07,584.0,589.5,579.5,586.25
2021-12-08,585.0,589.0,584.0,584.75
2021-12-09,585.75,591.25,576.75,588.5
2021-12-10,588.5,592.0,585.0,588.5
2021-12-13,587.5,588.0,580.75,584.25
2021-12-14,583.25,591.0,576.75,588.75
2021-12-15,590.0,596.5,582.0,585.75
2021-12-16,587.5,592.0,584.5,591.25
2021-12-17,591.0,598.75,589.25,593.25
2021-12-20,595.0,595.75,587.0,591.0
2021-12-21,591.0,599.0,589.5,598.25
2021-12-22,597.5,606.75,597.0,602.5
2021-12-23,601.5,607.0,600.5,605.75
2021-12-27,608.25,615.5,607.0,614.75
2021-12-28,614.25,617.75,603.75,604.75
2021-12-29,604.0,610.75,599.5,605.5
2021-12-30,605.5,606.0,592.75,596.0
2021-12-31,595.75,599.25,592.5,593.25
2022-01-03,599.0,603.5,584.75,589.25
2022-01-04,591.75,611.25,591.5,609.5
2022-01-05,608.5,609.75,601.25,602.25
2022-01-06,601.25,605.75,596.0,603.75
2022-01-07,605.25,608.25,599.0,606.75
2022-01-10,605.25,608.0,596.25,599.75
2022-01-11,599.75,604.75,598.0,601.0
2022-01-12,601.0,604.0,591.0,599.0
2022-01-13,599.0,599.75,585.25,587.5
2022-01-14,587.5,598.25,585.25,596.25
2022-01-18,592.75,600.75,588.25,599.5
2022-01-19,600.0,614.5,600.0,610.5
2022-01-20,609.0,614.25,606.25,611.0
2022-01-21,607.5,618.5,604.25,616.25
2022-01-24,617.5,621.5,609.25,621.0
2022-01-25,620.0,631.0,618.5,620.0
2022-01-26,619.0,627.75,615.0,627.0
2022-01-27,625.0,627.75,621.25,625.25
2022-01-28,623.25,637.25,623.0,636.0
2022-01-31,635.75,642.5,622.5,626.0
2022-02-01,626.0,639.5,624.5,634.75
2022-02-02,634.5,640.75,616.75,622.5
2022-02-03,622.5,624.25,610.25,616.75
2022-02-04,618.5,623.25,613.25,620.5
2022-02-07,628.75,636.75,624.75,635.25
2022-02-08,636.5,636.75,627.25,632.25
2022-02-09,632.25,647.75,630.5,646.75
2022-02-10,646.0,662.75,638.75,641.75
2022-02-11,641.0,657.75,637.75,651.0
2022-02-14,651.25,656.75,642.5,655.75
2022-02-15,655.0,655.5,635.5,638.0
2022-02-16,637.75,647.75,636.25,647.0
2022-02-17,645.5,652.0,642.75,650.0
2022-02-18,648.5,658.0,647.0,654.25
2022-02-22,657.75,676.75,657.75,674.75
2022-02-23,674.0,685.0,669.25,683.75
2022-02-24,683.5,718.75,682.0,695.0
2022-02-25,696.75,707.0,657.0,659.5
2022-02-28,688.0,704.75,679.0,697.5
2022-03-01,699.75,744.25,699.75,739.75
2022-03-02,741.75,760.0,723.0,739.0
2022-03-03,745.0,778.5,745.0,751.25
2022-03-04,761.75,800.0,741.0,756.5
2022-03-07,782.75,782.75,742.75,749.25
2022-03-08,747.5,759.0,724.0,754.5
2022-03-09,756.25,757.25,734.0,735.0
2022-03-10,738.5,768.0,738.5,757.75
2022-03-11,758.0,768.5,755.0,764.5
2022-03-14,745.0,752.0,725.5,728.25
2022-03-15,745.25,759.0,736.0,758.0
2022-03-16,756.75,757.0,726.75,730.0
2022-03-17,730.0,757.5,728.5,754.5
2022-03-18,753.75,755.0,736.5,741.75
2022-03-21,746.5,765.0,743.0,756.25
2022-03-22,756.75,761.0,744.0,753.0
2022-03-23,752.25,770.5,749.0,757.75
2022-03-24,757.0,762.5,745.0,748.25
2022-03-25,748.5,755.25,742.5,754.0
2022-03-28,749.0,750.25,740.5,748.5
2022-03-29,746.25,747.5,713.5,726.25
2022-03-30,727.0,748.75,726.75,738.0
2022-03-31,739.25,770.0,732.5,748.75
2022-04-01,748.5,751.5,730.25,735.0
2022-04-04,737.0,752.25,734.75,750.5
2022-04-05,750.75,768.0,749.25,759.75
2022-04-06,759.75,761.5,750.25,756.5
2022-04-07,755.75,759.25,748.5,757.75
2022-04-08,757.0,773.0,752.75,768.75
2022-04-11,767.0,778.0,762.0,764.5
2022-04-12,765.5,779.0,765.0,776.25
2022-04-13,775.0,786.25,767.25,783.5
2022-04-14,783.5,793.0,781.0,790.25
2022-04-18,791.0,816.75,790.25,813.25
2022-04-19,813.25,819.75,799.75,804.0
2022-04-20,803.5,816.5,796.75,815.75
2022-04-21,814.0,814.25,797.5,799.25
2022-04-22,798.75,807.5,783.5,793.0
2022-04-25,796.75,802.0,784.75,800.25
2022-04-26,800.25,812.25,795.0,803.25
2022-04-27,802.75,820.25,797.5,815.5
2022-04-28,816.25,823.5,811.0,816.0
2022-04-29,816.25,827.0,814.0,818.25
2022-05-02,811.5,814.0,798.0,813.0
2022-05-03,817.5,822.0,799.75,800.75
2022-05-04,801.0,808.75,796.0,798.5
2022-05-05,799.75,804.75,796.0,803.75
2022-05-06,800.0,800.0,784.25,792.25
2022-05-09,792.25,792.25,782.0,784.5
2022-05-10,787.5,790.75,782.5,786.5
2022-05-11,788.0,802.75,788.0,802.25
2022-05-12,802.5,814.0,798.75,813.5
2022-05-13,808.0,808.0,794.5,794.5
2022-05-16,795.0,810.25,792.75,809.5
2022-05-17,808.0,809.25,797.25,800.75
2022-05-18,800.75,802.25,778.0,781.5
2022-05-19,782.0,789.75,773.25,783.25
2022-05-20,781.25,782.0,774.5,778.75
2022-05-23,780.25,788.0,774.5,786.25
2022-05-24,785.0,787.0,762.0,771.75
2022-05-25,770.0,773.0,755.0,772.25
2022-05-26,762.75,772.5,757.5,765.0
2022-05-27,765.0,780.5,761.0,777.25
2022-05-31,777.0,777.25,747.25,753.5
2022-06-01,753.75,756.25,720.5,731.25
2022-06-02,731.25,739.25,726.25,730.25
2022-06-03,730.25,736.0,725.75,727.0
2022-06-06,732.25,744.25,731.5,742.5
2022-06-07,739.0,765.0,735.0,757.0
2022-06-08,757.0,774.0,756.0,764.5
2022-06-09,764.5,782.75,758.0,773.0
2022-06-10,772.25,781.0,765.75,773.25
2022-06-13,781.0,782.25,758.5,769.25
2022-06-14,765.75,771.0,759.0,768.25
2022-06-15,767.0,779.75,762.0,774.0
2022-06-16,774.0,792.0,773.0,788.25
2022-06-17,787.5,800.0,782.25,784.5
2022-06-21,777.5,778.25,752.25,760.75
2022-06-22,762.0,770.5,754.5,768.0
2022-06-23,767.25,767.25,734.5,746.75
2022-06-24,745.0,762.25,735.0,750.25
2022-06-27,740.0,746.25,731.0,744.25
2022-06-28,747.5,762.75,744.25,759.5
2022-06-29,758.25,780.0,755.5,770.25
2022-06-30,770.0,775.25,742.25,743.75
2022-07-01,748.0,760.0,743.75,754.5
2022-07-05,750.25,765.0,726.0,736.0
2022-07-06,746.0,761.0,726.0,744.25
2022-07-07,749.5,763.5,740.0,747.0
2022-07-08,750.75,781.0,744.0,778.25
2022-07-11,783.25,800.0,780.75,781.25
2022-07-12,781.0,785.25,732.0,732.75
2022-07-13,726.0,756.5,725.0,740.0
2022-07-14,738.25,746.5,694.0,695.0
2022-07-15,606.75,612.0,596.0,604.25
2022-07-18,610.75,623.5,601.5,612.25
2022-07-19,610.5,611.0,585.75,596.75
2022-07-20,595.5,600.5,589.0,592.25
2022-07-21,592.75,593.5,572.75,575.75
2022-07-22,575.0,582.75,561.5,564.25
2022-07-25,574.25,580.75,566.25,580.0
2022-07-26,587.75,599.75,586.25,597.0
2022-07-27,597.0,604.25,591.75,600.25
2022-07-28,603.75,618.0,601.25,615.0
2022-07-29,615.0,632.0,611.5,616.25
2022-08-01,619.75,621.5,594.25,607.0
2022-08-02,604.0,605.25,589.25,591.25
2022-08-03,587.0,597.0,583.0,591.5
2022-08-04,591.5,607.0,585.75,602.25
2022-08-05,602.0,614.0,597.0,610.25
2022-08-08,603.0,616.0,601.75,608.5
2022-08-09,614.5,626.0,613.5,615.5
2022-08-10,615.0,632.5,613.0,621.25
2022-08-11,621.0,630.75,618.75,629.25
2022-08-12,629.25,640.5,616.0,639.75
2022-08-15,630.5,635.25,616.5,626.75
2022-08-16,624.0,628.25,608.0,611.0
2022-08-17,611.0,618.5,608.0,615.0
2022-08-18,615.0,624.0,608.25,619.75
2022-08-19,619.0,627.75,616.0,626.0
2022-08-22,622.75,635.25,618.0,633.5
2022-08-23,637.0,666.75,635.75,660.0
2022-08-24,659.75,675.5,655.75,665.75
2022-08-25,665.0,674.25,656.75,657.5
2022-08-26,657.0,671.0,654.75,668.75
2022-08-29,675.0,684.25,668.5,683.75
2022-08-30,681.25,682.75,671.25,679.75
2022-08-31,680.75,683.0,664.25,673.75
2022-09-01,671.0,673.75,655.0,658.25
2022-09-02,657.0,671.0,656.75,669.0
2022-09-06,670.75,682.0,667.5,680.75
2022-09-07,678.5,690.0,675.25,676.75
2022-09-08,676.75,679.5,666.5,674.5
2022-09-09,678.75,700.5,678.75,698.5
2022-09-12,690.25,721.5,689.0,712.25
2022-09-13,721.25,725.0,709.0,709.0
2022-09-14,709.0,709.0,709.0,709.0
2022-09-15,681.75,690.0,676.25,677.5
2022-09-16,676.25,680.5,667.5,677.25
2022-09-19,675.75,680.0,668.25,678.25
2022-09-20,677.75,693.5,677.5,692.0
2022-09-21,692.0,698.5,679.25,685.5
2022-09-22,683.5,691.0,681.5,688.25
2022-09-23,687.0,688.0,669.5,676.75
2022-09-26,673.25,679.0,665.5,666.25
2022-09-27,666.25,678.0,666.25,667.5
2022-09-28,668.25,673.25,661.5,670.5
2022-09-29,670.5,676.75,666.0,669.5
2022-09-30,669.5,696.25,669.25,677.5
2022-10-03,680.0,687.5,672.5,680.75
2022-10-04,680.75,691.5,676.5,683.0
2022-10-05,683.0,687.5,675.75,684.0
2022-10-06,683.75,685.75,672.0,675.5
2022-10-07,675.5,684.5,671.5,683.25
2022-10-10,683.75,706.5,683.5,698.25
2022-10-11,697.0,702.0,690.75,693.0
2022-10-12,693.25,700.0,680.0,693.0
2022-10-13,692.25,699.5,684.0,697.75
2022-10-14,697.0,699.5,688.5,689.75
2022-10-17,689.0,692.25,681.25,683.5
2022-10-18,683.0,683.75,674.5,681.0
2022-10-19,681.0,684.5,674.0,678.25
2022-10-20,678.0,687.0,676.75,684.0
2022-10-21,683.5,688.0,677.75,684.25
2022-10-24,682.25,686.5,677.25,681.5
2022-10-25,681.5,687.5,677.75,686.25
2022-10-26,684.25,689.75,683.25,685.0
2022-10-27,685.0,689.25,679.25,682.25
2022-10-28,681.25,683.75,676.25,680.75
2022-10-31,696.5,700.0,684.25,691.5
2022-11-01,689.0,698.5,687.25,697.75
2022-11-02,696.5,697.25,680.0,687.5
2022-11-03,686.0,686.5,678.5,679.25
2022-11-04,679.25,685.25,678.5,681.0
2022-11-07,679.0,680.75,675.25,675.75
2022-11-08,675.75,677.0,666.25,667.5
2022-11-09,667.0,671.75,658.0,664.5
2022-11-10,664.5,667.25,652.75,653.25
2022-11-11,653.75,661.0,653.5,658.0
2022-11-14,657.0,662.0,652.25,657.25
2022-11-15,657.0,675.0,651.25,666.75
2022-11-16,665.25,666.0,657.5,665.25
2022-11-17,665.0,668.25,654.75,667.5
2022-11-18,667.5,672.75,665.25,667.75
2022-11-21,666.5,666.75,657.25,659.5
2022-11-22,659.5,663.0,656.25,656.75
2022-11-23,657.75,663.75,655.75,663.25
2022-11-25,661.25,669.75,661.0,668.0
2022-11-28,665.0,670.0,661.0,668.75
2022-11-29,667.5,671.25,665.25,665.75
2022-11-30,665.75,667.0,660.0,662.0
2022-12-01,661.75,663.75,647.0,650.0
2022-12-02,650.25,650.25,629.0,635.0
2022-12-05,635.5,638.25,625.5,628.75
2022-12-06,630.75,635.5,623.0,625.5
2022-12-07,626.5,632.5,624.0,627.75
2022-12-08,628.0,632.5,626.0,632.0
2022-12-09,631.5,639.75,631.5,634.75
2022-12-12,634.5,644.5,634.5,641.25
2022-12-13,642.5,650.5,639.25,643.75
2022-12-14,644.25,644.25,639.0,639.0
2022-12-15,650.25,654.25,647.75,653.5
2022-12-16,653.5,655.75,650.0,653.0
2022-12-19,650.5,650.75,644.0,647.25
2022-12-20,647.75,654.25,646.75,652.0
2022-12-21,651.5,663.0,651.0,662.25
2022-12-22,662.0,664.75,658.75,660.5
2022-12-23,659.5,667.75,659.25,666.25
2022-12-27,669.0,675.75,667.25,674.75
2022-12-28,673.25,683.5,672.75,682.75
2022-12-29,681.75,682.25,677.25,679.5
2022-12-30,679.5,685.0,676.5,678.5
2023-01-03,677.25,681.25,668.0,670.5
2023-01-04,670.75,671.75,652.5,653.75
2023-01-05,654.5,657.75,648.5,652.75
2023-01-06,653.75,659.5,651.75,654.0
2023-01-09,655.5,657.0,650.75,652.75
2023-01-10,651.75,664.0,648.25,655.0
2023-01-11,654.5,659.0,652.75,656.0
2023-01-12,656.0,673.5,649.25,671.0
2023-01-13,670.75,676.75,669.75,675.0
2023-01-17,671.5,687.0,668.75,685.25
2023-01-18,684.25,688.75,678.0,681.25
2023-01-19,680.0,685.25,676.0,677.25
2023-01-20,675.5,678.0,672.5,676.25
2023-01-23,674.0,674.75,661.25,666.25
2023-01-24,667.0,677.5,666.25,677.0
2023-01-25,676.75,681.0,673.75,674.75
2023-01-26,674.0,685.5,673.0,682.5
2023-01-27,681.75,686.0,678.25,683.0
2023-01-30,685.0,687.25,678.5,683.75
2023-01-31,683.5,688.5,678.0,679.75
2023-02-01,679.25,682.0,672.75,681.0
2023-02-02,681.0,686.0,674.25,675.25
2023-02-03,674.25,680.0,671.5,677.5
2023-02-06,677.25,679.25,672.25,679.0
2023-02-07,677.0,678.5,673.5,674.0
2023-02-08,673.75,679.5,672.75,678.5
2023-02-09,678.25,681.0,670.25,670.75
2023-02-10,670.75,682.75,669.25,680.5
2023-02-13,680.0,686.5,676.75,685.0
2023-02-14,684.0,688.25,681.75,682.25
2023-02-15,682.0,682.5,675.5,676.25
2023-02-16,676.5,677.25,673.25,676.0
2023-02-17,676.0,679.0,675.0,677.75
2023-02-21,678.5,683.0,675.5,680.5
2023-02-22,680.0,681.5,673.75,674.0
2023-02-23,674.5,676.25,658.5,660.25
2023-02-24,660.5,662.5,649.75,650.0
2023-02-27,650.75,654.0,642.25,642.75
2023-02-28,642.0,644.75,629.25,629.5
2023-03-01,630.0,641.5,623.5,640.5
2023-03-02,641.0,647.25,636.0,637.75
2023-03-03,639.75,648.25,638.25,645.25
2023-03-06,645.25,646.75,641.25,644.5
2023-03-07,644.25,646.75,639.75,642.0
2023-03-08,644.0,646.0,634.0,634.5
2023-03-09,633.75,637.25,618.25,618.5
2023-03-10,620.0,626.75,618.5,624.25
2023-03-13,622.25,629.0,622.25,624.5
2023-03-14,624.0,627.5,624.0,627.5
2023-03-15,623.75,629.0,619.25,626.5
2023-03-16,626.0,635.0,624.75,632.75
2023-03-17,633.25,638.75,630.25,634.25
2023-03-20,633.0,634.0,625.0,633.0
2023-03-21,632.75,638.25,628.75,630.0
2023-03-22,631.25,636.0,623.25,633.5
2023-03-23,633.0,644.0,627.25,631.75
2023-03-24,631.0,645.0,627.5,643.0
2023-03-27,643.0,648.75,637.0,648.25
2023-03-28,646.75,651.25,644.5,647.25
2023-03-29,646.25,655.5,645.75,650.5
2023-03-30,649.75,654.75,648.0,649.5
2023-03-31,648.75,664.5,647.25,660.5
2023-04-03,659.5,668.5,656.0,657.75
2023-04-04,657.0,657.5,648.5,653.75
2023-04-05,653.75,660.0,646.5,652.75
2023-04-06,652.25,652.5,641.75,643.5
2023-04-10,644.5,655.0,640.25,654.0
2023-04-11,653.5,657.75,646.75,651.0
2023-04-12,651.0,658.5,648.75,656.0
2023-04-13,656.0,661.75,651.5,652.25
2023-04-14,653.75,668.0,651.0,666.25
2023-04-17,666.0,677.0,662.25,676.5
2023-04-18,676.0,682.5,669.75,677.5
2023-04-19,675.75,680.0,671.0,672.25
2023-04-20,672.0,674.0,661.5,663.75
2023-04-21,664.25,665.5,656.5,663.25
2023-04-24,663.25,667.5,648.5,651.25
2023-04-25,651.25,653.0,641.5,646.5
2023-04-26,648.0,652.25,641.0,641.5
2023-04-27,642.0,644.25,621.75,627.0
2023-04-28,628.25,639.0,622.0,636.0
2023-05-01,632.5,641.0,628.0,639.5
2023-05-02,641.75,652.0,635.5,638.0
2023-05-03,636.5,646.0,626.5,645.25
2023-05-04,642.25,649.5,637.5,646.5
2023-05-05,644.0,656.25,644.0,653.25
2023-05-08,652.75,658.5,651.5,656.5
2023-05-09,654.75,654.75,639.5,642.25
2023-05-10,642.0,649.75,637.25,645.5
2023-05-11,641.75,648.0,632.0,632.5
2023-05-12,634.75,638.75,623.5,633.25
2023-05-15,581.5,598.75,581.5,592.5
2023-05-16,592.0,593.0,578.25,581.25
2023-05-17,581.75,582.75,554.25,561.5
2023-05-18,561.25,561.75,547.0,555.25
2023-05-19,555.0,571.75,551.5,554.5
2023-05-22,554.75,575.5,553.25,571.0
2023-05-23,570.25,580.75,564.0,577.5
2023-05-24,577.0,589.75,574.0,587.25
2023-05-25,587.5,593.0,583.5,590.75
2023-05-26,590.25,606.75,588.25,604.0
2023-05-30,603.75,605.0,591.5,594.0
2023-05-31,594.25,594.75,577.5,594.0
2023-06-01,594.0,606.0,591.75,592.5
2023-06-02,592.5,610.5,581.25,609.0
2023-06-05,609.0,614.0,595.0,597.5
2023-06-06,599.75,610.75,599.75,608.0
2023-06-07,605.0,612.5,601.75,604.25
2023-06-08,600.0,613.25,595.25,610.25
2023-06-09,608.25,609.0,597.5,604.25
2023-06-12,609.0,623.75,608.75,617.25
2023-06-13,617.0,625.0,610.75,612.5
2023-06-14,610.25,618.75,601.5,607.75
2023-06-15,608.0,626.5,607.25,623.25
2023-06-16,623.0,641.0,622.25,640.25
2023-06-20,640.75,647.0,635.5,643.75
2023-06-21,650.0,672.5,647.25,671.0
2023-06-22,668.25,670.25,653.0,660.5
2023-06-23,655.75,657.5,629.0,630.75
2023-06-26,634.5,649.75,621.0,637.25
2023-06-27,643.0,644.5,622.25,623.0
2023-06-28,625.0,630.75,582.0,590.0
2023-06-29,591.75,603.5,574.0,581.0
2023-06-30,585.0,595.0,552.0,554.5
2023-07-03,558.5,568.25,553.25,557.25
2023-07-05,558.0,564.25,545.5,548.25
2023-07-06,547.25,569.25,547.25,566.75
2023-07-07,567.0,571.75,560.0,560.5
2023-07-10,561.0,572.0,561.0,570.75
2023-07-11,567.5,585.5,567.5,571.75
2023-07-12,573.0,574.5,547.25,549.75
2023-07-13,547.5,593.75,547.5,593.5
2023-07-14,609.75,614.75,599.75,599.75
2023-07-17,512.0,519.75,496.25,499.25
2023-07-18,497.75,534.75,495.25,528.75
2023-07-19,526.75,557.5,525.75,545.5
2023-07-20,545.0,554.5,533.0,537.25
2023-07-21,536.5,538.75,522.5,527.0
2023-07-24,534.0,564.5,531.5,560.5
2023-07-25,559.75,563.75,545.5,557.5
2023-07-26,557.0,557.25,536.75,540.25
2023-07-27,540.25,547.0,532.25,533.25
2023-07-28,533.0,538.5,516.75,521.0
2023-07-31,516.25,516.25,498.5,504.0
2023-08-01,504.0,508.0,496.5,497.0
2023-08-02,497.25,512.25,485.75,488.25
2023-08-03,486.25,489.75,480.25,480.75
2023-08-04,482.5,493.5,480.25,484.25
2023-08-07,484.75,488.5,476.0,482.25
2023-08-08,482.0,488.75,477.25,485.75
2023-08-09,485.75,490.0,479.0,481.0
2023-08-10,481.5,485.5,480.0,483.25
2023-08-11,483.0,494.75,470.5,474.5
2023-08-14,476.25,479.75,468.75,475.75
2023-08-15,474.0,474.0,462.0,464.0
2023-08-16,463.0,473.0,462.0,469.5
2023-08-17,470.0,475.0,464.75,473.0
2023-08-18,473.75,482.5,472.5,479.5
2023-08-21,486.0,493.0,468.0,469.25
2023-08-22,469.25,472.5,461.0,466.5
2023-08-23,467.0,478.25,465.5,476.25
2023-08-24,476.25,480.5,468.5,472.25
2023-08-25,471.25,477.0,469.0,470.75
2023-08-28,476.25,480.0,472.25,478.5
2023-08-29,476.5,483.0,468.5,469.5
2023-08-30,469.0,474.75,460.25,461.75
2023-08-31,461.75,468.0,459.0,461.0
2023-09-01,461.0,468.25,460.25,464.75
2023-09-05,466.0,473.75,462.5,471.0
2023-09-06,473.5,476.25,471.25,471.5
2023-09-07,471.25,474.0,468.5,470.75
2023-09-08,471.25,472.25,467.0,468.5
2023-09-11,470.25,471.5,468.0,471.25
2023-09-12,473.5,473.5,462.75,463.25
2023-09-13,466.75,467.75,462.5,464.0
2023-09-14,455.75,462.5,455.75,462.5
2023-09-15,480.0,483.5,475.0,476.25
2023-09-18,475.25,478.75,469.0,471.5
2023-09-19,471.25,477.0,467.75,476.25
2023-09-20,476.0,483.0,474.5,482.25
2023-09-21,481.0,482.5,474.0,475.25
2023-09-22,475.0,478.5,474.25,477.25
2023-09-25,475.25,482.5,473.75,481.25
2023-09-26,481.0,483.5,476.5,479.75
2023-09-27,479.75,486.75,479.0,483.25
2023-09-28,483.75,489.25,481.0,488.5
2023-09-29,487.5,490.0,475.5,476.75
2023-10-02,477.0,489.75,476.0,488.75
2023-10-03,488.0,489.25,484.25,487.5
2023-10-04,487.5,489.75,482.5,486.0
2023-10-05,486.0,498.5,482.5,497.5
2023-10-06,496.0,499.0,491.5,492.0
2023-10-09,492.0,497.0,487.25,488.25
2023-10-10,488.0,488.25,484.25,485.5
2023-10-11,485.5,488.5,483.5,488.0
2023-10-12,487.75,498.75,482.25,496.0
2023-10-13,495.0,498.75,490.5,493.25
2023-10-16,493.5,496.75,489.5,490.0
2023-10-17,490.0,492.75,487.75,489.0
2023-10-18,488.5,494.0,488.5,492.0
2023-10-19,492.0,505.5,490.25,505.0
2023-10-20,504.0,509.5,495.0,495.5
2023-10-23,494.25,497.0,490.25,490.25
2023-10-24,490.75,491.5,482.75,484.0
2023-10-25,483.5,486.0,476.75,480.0
2023-10-26,480.0,484.25,477.5,479.25
2023-10-27,479.25,484.0,478.25,480.75
2023-10-30,480.0,484.25,477.5,478.25
2023-10-31,478.25,483.0,477.5,478.75
2023-11-01,478.75,480.0,472.5,475.0
2023-11-02,475.0,477.0,469.5,470.0
2023-11-03,470.0,481.25,468.0,477.25
2023-11-06,477.25,480.75,476.75,477.25
2023-11-07,477.0,477.5,468.0,468.5
2023-11-08,469.0,480.5,468.5,476.0
2023-11-09,475.0,476.0,466.5,468.0
2023-11-10,468.0,469.0,461.75,464.0
2023-11-13,463.25,477.75,461.0,477.25
2023-11-14,477.0,480.0,473.0,478.25
2023-11-15,477.75,480.5,467.25,470.75
2023-11-16,471.0,476.25,465.25,474.75
2023-11-17,474.5,475.0,466.75,467.0
2023-11-20,467.0,470.25,464.5,469.5
2023-11-21,469.25,475.0,468.0,470.0
2023-11-22,468.75,473.75,467.75,468.75
2023-11-24,468.0,470.5,462.5,463.25
2023-11-27,464.25,465.75,453.75,455.5
2023-11-28,455.5,456.75,450.25,451.5
2023-11-29,451.0,453.5,447.0,449.75
2023-11-30,449.75,462.75,449.75,461.75
2023-12-01,460.25,469.5,458.25,464.5
2023-12-04,461.25,463.75,457.0,460.25
2023-12-05,460.25,468.5,460.25,468.5
2023-12-06,467.75,473.0,463.75,464.75
2023-12-07,465.0,469.25,465.0,468.25
2023-12-08,468.0,472.0,465.75,465.75
2023-12-11,465.5,466.25,460.5,460.5
2023-12-12,459.25,467.0,459.25,462.5
2023-12-13,462.5,462.5,455.0,456.75
2023-12-14,459.0,460.0,456.75,456.75
2023-12-15,479.25,484.0,477.75,483.0
2023-12-18,482.5,482.75,475.5,477.0
2023-12-19,477.25,478.25,471.5,472.75
2023-12-20,472.75,475.5,468.25,469.75
2023-12-21,470.0,474.0,469.25,472.5
2023-12-22,472.5,474.0,471.5,473.0
2023-12-26,473.0,481.0,471.5,480.25
2023-12-27,479.75,480.25,474.5,476.5
2023-12-28,476.0,478.75,474.0,474.25
2023-12-29,473.75,475.0,470.5,471.25
2024-01-02,470.5,470.75,462.5,463.75
2024-01-03,464.75,466.0,461.75,465.25
2024-01-04,465.0,469.0,463.5,466.5
2024-01-05,466.5,467.75,460.0,460.75
2024-01-08,461.0,462.5,452.0,455.0
2024-01-09,454.75,460.5,451.75,459.25
2024-01-10,459.0,461.75,454.5,459.5
2024-01-11,459.0,461.5,455.75,457.75
2024-01-12,457.0,460.0,441.0,447.0
2024-01-16,447.75,451.25,442.0,443.5
2024-01-17,443.5,448.25,440.0,442.25
2024-01-18,442.0,445.0,436.75,444.0
2024-01-19,443.5,449.5,443.0,445.5
2024-01-22,445.5,448.0,444.0,445.75
2024-01-23,445.75,450.5,444.0,446.5
2024-01-24,446.5,452.75,446.25,452.25
2024-01-25,451.5,453.25,447.5,451.75
2024-01-26,451.0,451.75,445.5,446.25
2024-01-29,446.25,447.5,437.5,440.25
2024-01-30,439.75,448.25,436.5,447.75
2024-01-31,447.25,448.75,443.25,448.25
2024-02-01,448.0,448.0,443.5,447.25
2024-02-02,446.5,448.75,442.0,442.75
2024-02-05,442.75,445.0,439.5,442.75
2024-02-06,442.75,445.5,438.25,438.75
2024-02-07,438.5,439.25,432.75,434.25
2024-02-08,434.5,437.0,429.75,433.25
2024-02-09,433.0,437.0,428.25,429.0
2024-02-12,430.25,432.75,427.75,430.5
2024-02-13,430.25,434.75,428.75,430.75
2024-02-14,430.75,431.0,422.25,424.25
2024-02-15,424.0,425.0,417.25,417.75
2024-02-16,417.5,421.5,415.0,416.5
2024-02-20,416.25,421.5,414.75,418.75
2024-02-21,418.5,419.5,410.0,411.0
2024-02-22,410.0,415.5,404.25,406.0
2024-02-23,406.0,409.25,398.5,399.75
2024-02-26,399.75,407.75,394.5,407.0
2024-02-27,406.5,411.5,406.25,408.25
2024-02-28,408.25,414.75,406.5,413.25
2024-02-29,415.0,418.75,409.75,415.75
2024-03-01,415.5,418.0,409.25,412.25
2024-03-04,412.0,420.75,412.0,417.5
2024-03-05,417.25,418.0,412.5,413.5
2024-03-06,413.25,418.0,412.0,418.0
2024-03-07,418.25,427.5,418.25,426.0
2024-03-08,424.25,426.5,420.5,426.25
2024-03-11,421.75,428.5,419.75,428.25
2024-03-12,425.0,435.0,424.75,429.0
2024-03-13,430.0,432.5,426.5,426.5
2024-03-14,426.0,426.0,422.5,422.5
2024-03-15,433.75,440.0,431.75,436.75
2024-03-18,437.0,440.5,434.0,436.0
2024-03-19,436.5,440.0,435.0,439.5
2024-03-20,439.0,439.5,435.5,439.0
2024-03-21,439.0,445.75,437.5,440.75
2024-03-22,440.25,441.5,436.0,439.25
2024-03-25,439.0,441.25,437.0,437.75
2024-03-26,437.25,440.75,432.0,432.5
2024-03-27,432.0,432.25,426.25,426.75
2024-03-28,426.75,448.0,426.0,442.0
2024-04-01,441.75,442.0,432.25,435.5
2024-04-02,435.75,436.75,424.5,426.5
2024-04-03,428.25,433.0,425.75,431.75
2024-04-04,432.25,436.0,429.75,435.25
2024-04-05,435.0,438.5,432.25,434.25
2024-04-08,433.75,437.5,431.5,435.5
2024-04-09,435.0,435.75,429.75,431.25
2024-04-10,431.0,435.75,430.75,434.25
2024-04-11,434.0,437.5,427.5,428.75
2024-04-12,428.25,437.5,427.0,435.5
2024-04-15,434.5,435.0,430.25,431.5
2024-04-16,431.25,432.25,428.5,431.0
2024-04-17,431.0,433.0,429.5,430.25
2024-04-18,429.5,431.0,426.25,426.75
2024-04-19,427.25,434.0,426.75,433.5
2024-04-22,432.25,441.0,431.0,439.75
2024-04-23,439.25,443.75,438.5,443.0
2024-04-24,442.75,444.5,437.25,437.75
2024-04-25,437.75,442.0,436.0,441.0
2024-04-26,441.0,442.75,439.0,440.0
2024-04-29,440.0,441.5,435.0,439.25
2024-04-30,439.25,441.25,437.0,439.5
2024-05-01,440.0,444.25,437.25,443.25
2024-05-02,442.75,452.25,442.5,452.0
2024-05-03,451.25,458.5,446.75,447.0
2024-05-06,447.0,458.5,444.5,457.0
2024-05-07,457.0,459.5,453.75,453.75
2024-05-08,452.75,452.75,444.25,445.5
2024-05-09,447.25,447.5,441.0,442.75
2024-05-10,443.25,455.75,443.25,455.75
2024-05-13,453.5,461.5,453.5,458.5
2024-05-14,461.0,461.0,453.25,453.75
2024-05-15,467.75,473.25,461.5,462.5
2024-05-16,462.25,465.25,456.0,457.0
2024-05-17,457.25,460.5,451.0,452.5
2024-05-20,452.75,463.5,452.25,460.5
2024-05-21,460.0,461.25,455.0,458.0
2024-05-22,458.5,463.25,458.0,461.25
2024-05-23,461.25,467.25,458.5,464.0
2024-05-24,464.5,466.75,460.75,464.75
2024-05-28,467.0,471.0,460.0,462.5
2024-05-29,462.5,463.0,454.25,455.25
2024-05-30,455.25,457.0,447.5,448.75
2024-05-31,449.0,453.75,445.5,446.25
2024-06-03,445.75,449.0,439.0,443.5
2024-06-04,442.5,448.25,440.0,442.5
2024-06-05,442.5,444.25,438.25,439.25
2024-06-06,439.25,453.25,438.75,452.0
2024-06-07,452.0,454.25,444.25,448.75
2024-06-10,448.75,452.75,447.75,451.75
2024-06-11,450.75,456.25,449.0,449.5
2024-06-12,449.0,455.0,448.5,454.25
2024-06-13,453.5,460.5,453.5,458.5
2024-06-14,458.0,459.5,448.0,450.0
2024-06-17,448.0,450.0,443.25,443.75
2024-06-18,444.25,452.0,443.75,450.0
2024-06-20,448.25,449.5,439.25,439.75
2024-06-21,440.0,442.5,434.25,435.0
2024-06-24,435.0,436.0,425.0,433.5
2024-06-25,433.5,434.5,423.5,425.5
2024-06-26,425.0,430.0,418.75,420.0
2024-06-27,420.0,421.25,413.5,413.75
2024-06-28,414.0,419.0,390.5,397.25
2024-07-01,397.25,401.25,391.75,398.25
2024-07-02,398.25,403.75,398.25,402.0
2024-07-03,402.25,405.0,399.0,403.5
2024-07-05,406.0,412.0,405.5,411.25
2024-07-08,411.75,411.75,394.5,395.75
2024-07-09,400.25,406.75,397.0,400.25
2024-07-10,399.75,405.75,399.75,403.25
2024-07-11,411.0,411.0,406.75,406.75
2024-07-12,395.75,400.0,395.25,400.0
2024-07-15,403.0,403.0,389.5,390.5
2024-07-16,390.0,398.0,390.0,395.75
2024-07-17,395.75,400.0,395.0,398.0
2024-07-18,398.0,399.0,390.0,391.25
2024-07-19,391.0,396.25,390.0,390.5
2024-07-22,391.0,401.0,391.0,400.25
2024-07-23,399.0,407.0,397.25,402.5
2024-07-24,401.5,409.5,399.0,403.75
2024-07-25,403.0,408.75,402.0,406.0
2024-07-26,405.75,406.5,394.0,394.5
2024-07-29,392.75,397.0,390.0,396.25
2024-07-30,396.0,396.75,387.25,388.75
2024-07-31,387.75,390.5,381.0,382.75
2024-08-01,382.5,384.0,378.0,382.0
2024-08-02,383.0,387.75,381.75,386.5
2024-08-05,385.75,391.75,378.75,390.75
2024-08-06,390.75,393.0,385.75,388.75
2024-08-07,387.75,388.0,381.75,383.25
2024-08-08,383.0,386.5,378.5,379.25
2024-08-09,379.0,381.25,375.25,376.75
2024-08-12,376.25,385.25,372.5,383.25
2024-08-13,382.75,385.0,376.25,377.75
2024-08-14,377.25,382.0,376.0,381.0
2024-08-15,380.75,383.5,374.5,375.0
2024-08-16,374.5,375.75,367.75,370.5
2024-08-19,370.25,378.5,370.0,378.0
2024-08-20,377.75,378.5,374.75,375.0
2024-08-21,374.75,378.0,374.0,375.5
2024-08-22,375.5,376.5,370.75,371.5
2024-08-23,371.0,374.0,367.25,367.75
2024-08-26,367.25,367.5,360.5,362.0
2024-08-27,361.5,369.25,360.75,367.25
2024-08-28,367.0,367.75,362.25,365.25
2024-08-29,364.25,372.75,363.75,371.75
2024-08-30,371.25,378.75,371.0,378.0
2024-09-03,378.0,386.75,376.5,386.5
2024-09-04,385.5,391.25,383.0,390.5
2024-09-05,389.0,390.0,386.75,390.0
2024-09-06,389.75,395.25,383.0,383.75
2024-09-09,383.75,385.25,381.0,384.25
2024-09-10,382.75,382.75,379.5,379.5
2024-09-11,379.75,381.25,377.0,380.5
2024-09-12,380.5,387.5,380.5,386.25
2024-09-13,381.25,394.0,381.0,390.75
2024-09-16,413.0,413.0,408.5,410.75
2024-09-17,410.0,413.0,408.5,412.5
2024-09-18,412.0,415.0,411.0,412.75
2024-09-19,412.25,413.0,405.25,405.75
2024-09-20,406.0,407.25,401.5,401.75
2024-09-23,401.5,414.25,401.25,413.5
2024-09-24,413.0,418.25,410.0,411.75
2024-09-25,411.75,415.5,408.5,415.25
2024-09-26,414.75,419.25,412.5,413.25
2024-09-27,413.0,419.75,410.75,418.0
2024-09-30,416.5,427.75,415.5,424.75
2024-10-01,423.5,432.5,421.75,429.0
2024-10-02,428.5,434.25,428.5,432.5
2024-10-03,431.5,433.25,427.5,428.25
2024-10-04,427.5,427.5,423.0,424.75
2024-10-07,424.0,427.0,421.25,426.0
2024-10-08,426.0,428.0,419.25,420.75
2024-10-09,420.25,423.5,420.0,421.0
2024-10-10,421.0,424.0,418.0,418.5
2024-10-11,418.5,422.75,415.25,415.75
2024-10-14,415.0,415.25,407.5,408.25
2024-10-15,408.0,408.0,400.5,401.25
2024-10-16,401.25,406.75,401.0,404.75
2024-10-17,404.5,407.5,399.0,406.75
2024-10-18,406.75,409.5,403.75,404.75
2024-10-21,403.75,411.75,403.0,409.5
2024-10-22,409.0,417.0,408.25,416.5
2024-10-23,416.0,420.0,414.0,419.0
2024-10-24,418.75,424.0,418.25,421.5
2024-10-25,420.5,421.0,414.5,415.25
2024-10-28,413.25,414.75,410.0,410.75
2024-10-29,410.0,414.75,410.0,413.75
2024-10-30,413.25,414.25,411.0,411.5
2024-10-31,411.5,412.75,409.25,410.75
2024-11-01,410.75,415.75,410.5,414.5
2024-11-04,414.0,420.0,413.0,416.5
2024-11-05,416.25,419.75,415.25,418.5
2024-11-06,418.0,426.75,414.25,426.25
2024-11-07,425.75,428.5,422.25,427.5
2024-11-08,427.5,434.75,426.75,431.0
2024-11-11,430.0,432.0,426.5,430.0
2024-11-12,429.75,433.5,426.75,428.5
2024-11-13,428.5,429.75,424.25,426.5
2024-11-14,426.0,428.0,418.25,419.0
2024-11-15,418.75,425.0,417.0,424.0
2024-11-18,423.75,429.5,422.25,429.25
2024-11-19,428.75,431.5,426.5,427.25
2024-11-20,427.0,432.0,424.75,430.25
2024-11-21,430.0,432.0,426.25,426.75
2024-11-22,426.75,429.5,425.0,425.5
2024-11-25,425.25,426.25,422.25,424.75
2024-11-26,424.25,425.75,417.75,420.0
2024-11-27,420.0,422.25,414.75,415.75
2024-11-29,416.0,423.5,415.0,423.0
2024-12-02,423.0,425.5,420.75,424.5
2024-12-03,425.0,428.0,422.75,423.25
2024-12-04,423.25,424.5,421.0,422.0
2024-12-05,421.5,427.0,420.25,426.5
2024-12-06,426.5,431.5,425.25,430.75
2024-12-09,431.25,434.75,431.0,434.0
2024-12-10,433.5,440.75,433.25,440.5
2024-12-11,440.0,443.25,437.75,438.0
2024-12-12,436.5,439.0,431.75,431.75
2024-12-13,434.25,434.25,426.25,430.0
2024-12-16,441.25,445.75,441.25,445.0
2024-12-17,445.0,446.75,441.25,443.5
2024-12-18,443.75,446.5,437.0,437.25
2024-12-19,437.0,441.0,435.75,440.75
2024-12-20,439.75,447.5,439.5,446.25
2024-12-23,446.0,448.25,445.25,447.75
2024-12-24,447.25,448.75,446.75,448.5
2024-12-26,448.5,454.25,448.5,453.75
2024-12-27,453.25,455.0,452.25,454.0
2024-12-30,453.75,458.5,449.75,452.25
2024-12-31,452.25,459.0,452.0,458.5
2025-01-02,457.25,459.75,456.25,459.5
2025-01-03,459.5,459.75,449.25,450.75
2025-01-06,451.5,460.25,451.5,457.75
2025-01-07,456.0,458.5,453.0,458.0
2025-01-08,457.75,459.25,453.5,454.0
2025-01-09,454.0,457.25,453.5,456.0
2025-01-10,456.0,472.5,455.75,470.5
2025-01-13,469.75,477.0,469.25,476.5
2025-01-14,475.5,479.75,473.5,474.5
2025-01-15,474.25,479.5,474.0,478.75
2025-01-16,478.75,479.0,473.25,474.5
2025-01-17,474.0,485.0,474.0,484.25
2025-01-21,484.25,490.5,482.5,490.0
2025-01-22,489.5,492.25,482.5,484.25
2025-01-23,484.25,494.5,480.5,489.75
2025-01-24,487.0,489.5,483.5,486.5
2025-01-27,484.5,484.75,477.75,482.0
2025-01-28,482.25,489.25,481.0,485.25
2025-01-29,485.0,497.5,485.0,497.0
2025-01-30,496.25,497.0,490.0,490.25
2025-01-31,488.25,488.75,479.25,482.0
2025-02-03,476.75,491.0,472.5,488.75
2025-02-04,488.0,497.25,487.25,494.5
2025-02-05,494.0,498.5,489.75,493.25
2025-02-06,493.25,496.5,486.0,495.25
2025-02-07,495.5,496.5,485.5,487.5
2025-02-10,485.75,492.75,482.25,491.5
2025-02-11,491.75,497.0,483.25,484.0
2025-02-12,483.75,492.25,481.5,490.25
2025-02-13,489.75,494.25,485.25,493.5
2025-02-14,493.0,499.75,492.5,496.25
2025-02-18,496.25,504.25,493.25,502.0
2025-02-19,502.0,504.5,496.25,497.5
2025-02-20,497.75,503.25,497.5,498.0
2025-02-21,498.0,499.5,490.0,491.25
2025-02-24,490.0,491.0,481.5,482.5
2025-02-25,483.25,484.5,474.25,479.75
2025-02-26,480.25,485.0,477.0,478.25
2025-02-27,478.25,481.25,463.75,464.75
2025-02-28,465.5,468.0,453.0,453.5
2025-03-03,455.25,456.75,439.0,440.25
2025-03-04,440.5,440.5,426.5,436.0
2025-03-05,436.75,442.0,433.25,440.25
2025-03-06,443.5,452.75,439.75,449.5
2025-03-07,450.25,456.75,448.0,455.25
2025-03-10,458.0,459.5,454.0,458.75
2025-03-11,458.0,464.0,456.5,456.5
2025-03-12,455.0,455.0,444.0,448.75
2025-03-13,450.0,459.25,450.0,453.5
2025-03-14,443.25,445.5,443.25,445.5
2025-03-17,460.0,465.5,457.25,461.0
2025-03-18,461.0,462.5,455.25,458.75
2025-03-19,458.25,463.0,455.75,462.0
2025-03-20,462.0,470.25,462.0,469.0
2025-03-21,467.25,469.75,461.25,464.25
2025-03-24,465.0,466.25,459.5,464.5
2025-03-25,464.5,464.75,457.0,457.75
2025-03-26,458.75,461.0,450.75,451.25
2025-03-27,451.75,452.75,447.25,450.0
2025-03-28,450.25,454.0,442.0,453.25
2025-03-31,453.0,459.25,444.0,457.25
2025-04-01,457.75,465.0,454.0,461.75
2025-04-02,460.25,460.75,454.0,457.75
2025-04-03,450.0,462.25,447.5,457.5
2025-04-04,457.75,462.5,449.25,460.25
2025-04-07,456.0,467.5,454.25,464.5
2025-04-08,464.5,469.75,462.75,469.0
2025-04-09,468.0,475.5,465.75,474.0
2025-04-10,473.25,484.0,473.0,483.0
2025-04-11,482.0,490.75,481.75,490.25
2025-04-14,489.0,490.25,484.25,485.0
2025-04-15,485.0,488.75,479.0,481.25
2025-04-16,481.25,487.0,479.25,484.25
2025-04-17,483.25,486.5,481.5,482.25
2025-04-21,483.25,487.25,481.25,481.75
2025-04-22,481.75,483.0,475.0,475.75
2025-04-23,476.25,477.0,470.25,472.0
2025-04-24,472.25,478.5,472.25,477.25
2025-04-25,477.0,480.75,476.75,478.75
2025-04-28,477.0,478.75,469.5,475.5
2025-04-29,475.5,477.25,460.25,460.5
2025-04-30,461.0,470.0,460.5,467.25
2025-05-01,467.25,472.25,463.0,464.25
2025-05-02,464.5,468.75,460.75,461.25
2025-05-05,461.0,461.0,446.5,446.5
2025-05-06,448.75,448.75,445.5,447.5
2025-05-07,449.75,453.25,440.5,441.0
2025-05-08,440.5,440.5,434.0,439.0
2025-05-09,440.75,444.0,439.5,441.5
2025-05-12,444.0,447.5,438.5,440.25
2025-05-13,433.5,436.0,430.75,436.0
2025-05-14,440.25,440.25,436.75,438.5
2025-05-15,444.75,450.5,443.5,448.5
2025-05-16,449.0,451.5,442.75,443.5
2025-05-19,443.5,449.75,443.0,447.5
2025-05-20,446.75,455.5,444.75,454.5
2025-05-21,454.5,462.0,453.5,461.0
2025-05-22,459.25,464.75,456.5,463.0
2025-05-23,462.75,464.5,455.0,459.5
2025-05-27,459.0,463.0,456.0,459.5
2025-05-28,459.5,463.0,450.0,451.0
2025-05-29,452.25,453.0,443.5,447.0
2025-05-30,447.0,449.5,443.0,444.0
2025-06-02,444.0,451.0,437.75,438.25
2025-06-03,438.25,442.5,434.25,438.5
2025-06-04,438.5,446.0,437.5,438.75
2025-06-05,438.5,442.75,433.25,439.5
2025-06-06,438.25,445.0,435.0,442.5
2025-06-09,442.25,445.75,432.75,433.5
2025-06-10,433.5,439.5,429.25,438.75
2025-06-11,439.0,444.75,436.0,437.0
2025-06-12,436.5,441.75,435.25,438.5
2025-06-13,438.25,445.25,435.0,444.5
2025-06-16,444.0,446.5,431.25,434.75
2025-06-17,434.75,437.5,429.5,431.5
2025-06-18,431.5,434.5,430.0,433.5
2025-06-20,433.0,435.0,428.25,428.75
2025-06-23,430.0,430.75,417.25,419.25
2025-06-24,419.0,422.5,415.0,416.25
2025-06-25,415.5,417.5,408.0,410.25
2025-06-26,410.0,414.5,408.0,409.5
2025-06-27,409.5,419.25,409.25,417.5
2025-06-30,417.75,422.75,415.0,420.5
2025-07-01,421.25,423.0,414.5,420.0
2025-07-02,419.75,430.25,415.5,429.25
2025-07-03,429.5,435.25,429.25,431.5
2025-07-07,426.0,426.0,417.0,418.0
2025-07-08,420.5,420.5,411.0,411.0
2025-07-09,415.5,415.5,409.75,412.5
2025-07-10,412.5,414.0,407.25,407.25
2025-07-11,407.25,409.75,400.0,403.0
2025-07-14,411.75,412.75,398.75,412.75
2025-07-15,399.5,406.25,395.0,401.25
2025-07-16,400.0,407.25,400.0,405.25
2025-07-17,405.0,407.0,400.25,402.0
2025-07-18,403.0,411.0,402.5,408.5
2025-07-21,406.5,408.75,400.25,403.75
2025-07-22,404.5,406.0,398.5,399.25
2025-07-23,399.25,401.75,397.25,398.5
2025-07-24,398.25,404.25,398.25,401.75
2025-07-25,401.5,403.0,398.25,399.5
2025-07-28,399.0,400.0,392.0,393.75
2025-07-29,392.0,394.25,387.75,389.25
2025-07-30,389.0,393.5,388.25,391.75
2025-07-31,391.25,394.75,388.0,394.0
2025-08-01,394.0,396.25,388.75,389.5
2025-08-04,389.5,392.5,386.5,387.0
2025-08-05,386.25,386.75,380.5,381.5
2025-08-06,381.0,381.25,375.0,379.75
2025-08-07,379.75,386.0,379.75,384.5
2025-08-08,384.0,389.25,382.0,382.75
2025-08-11,382.5,387.0,380.5,385.0
2025-08-12,384.5,384.75,368.75,371.5
2025-08-13,371.5,376.0,370.75,374.0
2025-08-14,373.25,376.75,369.5,375.0
2025-08-15,375.5,384.25,374.5,383.75
2025-08-18,383.0,384.75,379.25,383.0
2025-08-19,383.0,383.0,377.75,379.5
2025-08-20,379.5,382.25,378.25,380.0
2025-08-21,379.75,389.5,379.25,387.25
2025-08-22,387.25,389.25,385.5,388.25
2025-08-25,389.25,394.0,388.25,389.25
2025-08-26,389.0,392.0,386.75,387.5
2025-08-27,387.0,387.5,381.75,382.5
2025-08-28,382.5,387.5,379.75,385.5
2025-08-29,387.0,398.5,387.0,398.0
2025-09-02,396.25,403.75,393.5,403.0
2025-09-03,403.0,404.5,396.5,397.75
2025-09-04,397.5,400.25,394.25,399.75
2025-09-05,401.25,405.25,397.25,399.0
2025-09-08,398.0,403.75,394.0,403.0
2025-09-09,402.0,403.5,398.75,401.25
2025-09-10,401.0,401.25,395.5,397.25
2025-09-11,398.25,399.0,396.75,399.0
2025-09-12,402.5,405.25,398.5,399.0
2025-09-15,426.25,428.5,422.0,423.25
2025-09-16,423.0,431.25,423.0,429.5
2025-09-17,428.75,431.25,425.5,426.75
2025-09-18,426.5,428.0,423.5,423.75
2025-09-19,424.0,429.75,422.25,424.0
2025-09-22,424.0,424.75,418.25,421.75
2025-09-23,421.75,426.5,418.75,426.25
2025-09-24,425.0,427.5,423.5,424.25
2025-09-25,423.75,428.25,423.5,425.75
2025-09-26,425.25,425.75,421.25,422.0
2025-09-29,421.0,422.75,418.75,421.5
2025-09-30,421.25,421.5,414.0,415.5
2025-10-01,415.75,419.5,410.5,416.5
2025-10-02,417.25,422.5,414.75,421.75
2025-10-03,420.75,423.0,418.5,419.0
2025-10-06,419.0,422.5,417.25,421.75
2025-10-07,421.5,424.5,419.0,419.75
2025-10-08,419.25,422.75,418.5,422.0
2025-10-09,422.0,423.25,418.0,418.25
2025-10-10,418.25,419.25,412.25,413.0
2025-10-13,413.0,415.0,410.5,410.75
2025-10-14,410.75,413.5,409.25,413.0
2025-10-15,412.75,418.5,411.25,416.75
2025-10-16,416.75,423.5,416.25,421.75
2025-10-17,421.25,424.75,421.0,422.5
2025-10-20,422.5,424.0,419.5,423.25
2025-10-21,423.25,424.5,418.5,419.75
2025-10-22,419.75,424.0,418.5,423.0
2025-10-23,423.0,428.5,421.0,428.0
2025-10-24,427.25,427.5,423.0,423.25
2025-10-27,427.0,431.75,426.0,428.75
2025-10-28,428.0,436.25,427.25,432.0
2025-10-29,431.25,435.0,430.0,434.0
2025-10-30,434.0,437.0,427.75,430.25
2025-10-31,429.25,432.25,426.5,431.5
2025-11-03,431.0,435.0,427.75,434.25
2025-11-04,434.0,434.5,429.25,431.5
2025-11-05,430.5,436.0,428.75,435.25
2025-11-06,434.5,434.75,428.25,428.75
2025-11-07,428.5,430.5,426.75,427.25
2025-11-10,426.75,431.25,426.25,429.75
2025-11-11,429.0,432.75,428.5,432.0
2025-11-12,431.5,436.0,431.0,435.25
2025-11-13,434.75,442.75,434.0,441.5
2025-11-14,441.5,442.75,429.5,430.25
2025-11-17,429.75,437.25,428.5,434.75
2025-11-18,434.75,438.5,433.25,436.75
2025-11-19,435.5,436.25,428.25,429.75
2025-11-20,429.75,431.25,425.75,426.5
2025-11-21,426.25,427.75,424.0,425.5
2025-11-24,426.0,426.5,422.25,423.75
2025-11-25,423.75,426.0,422.25,423.5
2025-11-26,423.0,433.5,423.0,431.75
2025-11-28,432.0,437.0,430.75,435.5
2025-12-01,434.5,436.5,432.0,432.75
2025-12-02,433.25,439.25,430.75,438.0
2025-12-03,438.0,438.0,431.0,431.5
2025-12-04,432.75,438.25,431.0,437.75
2025-12-05,435.75,439.0,435.5,436.75
2025-12-08,437.25,439.75,432.5,436.25
2025-12-09,437.0,441.75,434.5,440.75
2025-12-10,440.5,440.5,434.0,434.75
2025-12-11,436.75,440.0,432.5,435.25
2025-12-12,433.25,437.0,428.25,431.5
2025-12-15,440.25,441.25,436.75,439.75
2025-12-16,439.75,440.0,435.5,436.5
2025-12-17,436.0,441.5,436.0,440.5
2025-12-18,440.5,446.0,440.5,444.5
2025-12-19,444.0,444.75,442.5,443.75
2025-12-22,443.25,447.75,443.0,447.0
2025-12-23,446.5,449.0,446.25,447.5
2025-12-24,447.0,451.25,446.75,451.0
2025-12-26,451.0,453.0,448.75,450.0
2025-12-29,450.0,451.0,442.0,442.25
2025-12-30,442.0,443.0,439.75,440.5
2025-12-31,440.5,442.5,439.0,440.25
2026-01-02,440.75,440.75,437.0,437.5
2026-01-05,437.25,445.5,436.25,444.5
2026-01-06,444.0,447.0,443.5,444.0
2026-01-07,443.75,447.25,443.75,446.75
2026-01-08,446.0,448.0,445.5,446.0
2026-01-09,445.25,447.5,443.75,445.75
2026-01-12,445.0,448.75,420.0,421.5
2026-01-13,421.75,422.75,417.25,419.75
2026-01-14,420.0,425.0,419.5,422.0
2026-01-15,422.5,425.0,420.0,420.25
2026-01-16,420.25,427.25,420.0,424.75
2026-01-20,423.5,425.5,422.0,423.75
2026-01-21,423.75,427.75,421.25,421.75
2026-01-22,422.5,424.25,421.0,424.0
2026-01-23,423.75,431.25,422.5,430.5
2026-01-26,430.0,431.5,427.25,428.25
2026-01-27,428.25,429.75,426.0,426.5
2026-01-28,427.0,433.25,426.75,430.0
2026-01-29,430.0,434.0,428.0,430.75
2026-01-30,430.75,431.75,425.25,428.25
2026-02-02,428.25,428.25,424.0,425.75
2026-02-03,425.75,429.25,425.5,428.5
2026-02-04,428.5,432.75,425.25,429.5
2026-02-05,429.0,435.75,427.0,435.0
2026-02-06,434.5,436.0,428.75,430.25
2026-02-09,428.75,430.0,427.25,428.75
2026-02-10,428.0,431.0,427.75,428.75
2026-02-11,428.75,429.5,425.25,427.5
2026-02-12,428.0,431.5,427.0,431.25
2026-02-13,431.0,432.75,429.5,431.75
2026-02-17,431.0,431.25,426.0,426.25
2026-02-18,426.25,428.5,425.25,427.0
2026-02-19,426.75,427.75,424.0,425.75
2026-02-20,425.75,428.75,424.0,427.5
2026-02-23,427.25,431.5,425.25,427.5
2026-02-24,427.5,429.0,426.0,427.75
2026-02-25,428.0,431.25,426.75,430.5
2026-02-26,430.0,433.75,428.0,433.25
2026-02-27,432.75,440.0,432.0,438.75
2026-03-02,439.5,441.0,431.75,433.25
2026-03-03,433.25,438.75,432.0,434.25
2026-03-04,433.5,434.25,428.0,431.75
2026-03-05,434.0,442.25,433.75,441.5
2026-03-06,441.0,449.5,441.0,447.0
2026-03-09,447.25,459.0,437.5,437.5
2026-03-10,434.75,437.75,432.0,436.25
2026-03-11,441.0,446.5,439.0,444.25
2026-03-12,448.5,453.5,448.25,448.25
2026-03-13,446.0,453.5,446.0,452.5
2026-03-16,464.75,466.0,452.0,454.0
2026-03-17,453.75,459.0,449.25,454.0
2026-03-18,454.75,464.5,451.5,463.25
2026-03-19,463.25,470.0,463.25,469.75
2026-03-20,469.0,469.25,464.0,465.5
2026-03-23,465.25,473.75,456.5,459.5
2026-03-24,460.0,465.75,459.0,462.5
2026-03-25,461.25,468.5,458.0,467.25
2026-03-26,466.75,468.75,462.0,467.0
2026-03-27,466.0,470.5,460.75,462.0
2026-03-30,462.75,465.75,455.0,455.75
2026-03-31,455.5,462.0,451.25,457.75
2026-04-01,457.5,460.0,448.5,454.25
2026-04-02,454.0,460.5,451.25,452.25
2026-04-06,453.0,454.5,448.25,454.0
2026-04-07,454.0,455.0,448.25,449.0
2026-04-08,447.0,448.25,442.25,447.25
2026-04-09,447.25,450.25,442.25,444.0
2026-04-10,444.75,446.25,438.0,441.0
2026-04-13,446.0,446.0,440.0,440.25
2026-04-14,440.5,446.0,440.25,443.0
2026-04-15,443.0,452.0,442.75,451.25
2026-04-16,451.0,452.75,447.5,448.5
2026-04-17,448.25,451.0,443.25,448.75
2026-04-20,449.0,454.0,446.75,452.0
2026-04-21,452.0,455.25,450.75,453.75
2026-04-22,453.5,457.0,452.75,454.25
2026-04-23,453.5,456.75,452.5,455.5
2026-04-24,455.5,457.75,453.5,455.0
2026-04-27,454.25,461.25,454.25,460.75
2026-04-28,460.25,465.5,460.0,465.25
2026-04-29,464.25,468.25,462.75,466.5
2026-04-30,466.25,469.0,460.75,464.75
2026-05-01,462.75,471.25,461.75,468.25
2026-05-04,468.25,474.0,466.5,473.75
2026-05-05,473.75,475.0,464.25,465.5
2026-05-06,463.0,463.0,452.25,452.75
2026-05-07,453.0,453.25,446.75,452.75
2026-05-08,454.0,457.75,452.5,456.25
2026-05-11,461.0,462.0,459.5,460.75
2026-05-12,463.0,467.75,463.0,467.25
2026-05-13,467.25,470.75,466.5,466.5
2026-05-14,456.0,456.0,451.5,451.5
2026-05-15,468.25,473.75,455.0,455.75
2026-05-18,469.0,478.0,464.0,477.0
2026-05-19,476.75,481.75,472.0,475.25
2026-05-20,475.75,477.0,462.75,465.75
2026-05-21,465.0,469.25,460.0,462.25
2026-05-22,462.5,467.75,461.0,463.25
2026-05-26,458.25,463.0,456.5,457.5
2026-05-27,458.5,459.75,451.75,452.5
2026-05-28,452.25,458.25,451.5,455.75
2026-05-29,457.75,459.0,445.0,446.75
2026-06-01,446.0,449.25,440.0,444.0
2026-06-02,444.75,445.75,439.0,440.5
2026-06-03,440.75,442.0,430.25,431.5
2026-06-04,431.0,431.5,421.5,424.5
2026-06-05,424.0,424.5,416.0,417.5
2026-06-08,420.5,421.0,412.5,418.75
2026-06-09,419.0,425.5,417.5,419.5
2026-06-10,419.75,425.75,418.25,419.0
2026-06-11,419.75,420.0,410.5,411.75
2026-06-12,411.75,417.0,408.5,412.75
2026-06-15,411.75,416.75,406.25,415.5
2026-06-16,415.0,421.0,412.5,413.75
2026-06-17,414.25,421.75,412.25,421.0
2026-06-18,419.75,422.0,415.0,417.5
2026-06-22,417.5,418.0,411.25,411.5
2026-06-23,411.5,414.5,407.0,409.75
2026-06-24,410.0,412.5,405.75,407.0
2026-06-25,406.0,416.0,403.75,414.75
2026-06-26,414.25,417.5,411.25,412.75
2026-06-29,412.5,412.5,398.5,402.0
2026-06-30,402.0,415.5,400.5,412.75
2026-07-01,413.75,422.25,412.25,421.0
2026-07-02,422.0,428.25,421.0,425.0
2026-07-06,430.0,441.5,430.0,440.75
2026-07-07,441.0,444.5,437.25,442.5
2026-07-08,442.25,443.75,434.25,434.75
2026-07-09,434.0,435.0,427.75,427.75
2026-07-10,428.5,438.25,428.0,438.0
2026-07-13,441.0,447.75,437.75,437.75
2026-07-14,439.75,441.0,432.5,433.75
2026-07-15,438.0,449.0,437.0,447.5
2026-07-16,446.75,452.0,440.25,441.5
2026-07-17,441.0,445.5,436.0,444.75
2026-07-20,449.0,452.5,447.0,449.5
2026-07-21,447.0,453.75,445.5,452.75
2026-07-22,452.25,463.0,452.0,462.0
2026-07-23,460.0,466.75,460.0,464.0
2026-07-24,462.5,468.0,455.5,464.25
2026-07-27,459.25,461.25,448.75,451.75
2026-07-28,452.0,462.25,451.5,458.5
2026-07-29,459.25,461.75,448.0,449.0
2026-07-30,448.25,452.5,445.25,445.75
2026-07-31,445.5,447.0,438.0,440.75
2026-08-03,438.0,450.5,435.25,449.25
2026-08-04,450.5,452.0,441.0,442.25
2026-08-05,441.75,443.0,435.5,436.75
2026-08-06,437.0,440.25,434.25,439.0
2026-08-07,439.0,444.5,438.5,439.0
2026-08-10,440.75,442.25,436.5,438.25
2026-08-11,438.5,441.0,434.0,436.75
2026-08-12,436.75,457.75,436.0,457.0
2026-08-13,456.75,457.25,446.75,448.0
2026-08-14,448.0,459.75,447.5,459.0
2026-08-17,458.5,466.75,458.0,465.0
2026-08-18,464.25,468.25,462.25,463.25
2026-08-19,462.75,473.5,461.5,473.0
2026-08-20,472.75,481.25,472.25,478.75
2026-08-21,477.0,484.25,474.5,483.75
2026-08-24,485.0,498.75,485.0,491.5
2026-08-25,491.5,501.75,489.0,500.5
2026-08-26,500.5,517.0,499.0,514.0
2026-08-27,512.0,514.75,505.5,510.25
2026-08-28,508.0,517.5,507.25,512.0
2026-08-31,536.0,542.0,531.5,537.5
