1754010000,23150.286,23150.398,23145.853,23146.053,197
1754010060,23146.297,23149.420,23142.343,23149.089,233
1754010120,23149.042,23157.510,23148.710,23156.764,249
1754010180,23156.787,23157.589,23152.064,23153.853,163
1754010240,23153.832,23156.798,23149.742,23150.609,185
1754010300,23150.810,23155.589,23147.876,23154.586,197
1754010360,23154.808,23156.732,23151.375,23153.887,185
1754010420,23154.520,23158.409,23153.820,23155.554,191
1754010480,23156.286,23158.765,23150.343,23152.609,202
1754010540,23152.921,23158.609,23152.275,23158.609,195
1754010600,23159.519,23163.898,23158.931,23162.897,195
1754010660,23163.021,23169.520,23158.510,23160.364,235
1754010720,23160.543,23161.589,23157.487,23161.387,195
1754010780,23161.365,23172.387,23160.332,23163.289,221
1754010840,23163.331,23169.089,23163.331,23168.589,173
1754010900,23168.308,23172.742,23167.321,23172.387,223
1754010960,23172.021,23175.289,23170.243,23172.010,188
1754011020,23171.921,23176.721,23170.553,23174.586,172
1754011080,23173.910,23178.720,23173.297,23176.310,166
1754011140,23176.476,23177.199,23172.865,23175.386,157
1754011200,23175.597,23184.753,23173.510,23181.010,216
1754011260,23181.189,23185.542,23178.598,23183.487,212
1754011320,23183.099,23185.089,23181.510,23183.554,175
1754011380,23183.464,23183.609,23174.408,23174.408,190
1754011440,23174.431,23181.320,23173.986,23179.410,201
1754011500,23179.331,23186.921,23178.553,23185.589,204
1754011560,23185.210,23186.431,23182.397,23185.042,151
1754011620,23185.320,23187.332,23183.842,23185.465,158
1754011680,23185.586,23186.531,23183.832,23185.519,120
1754011740,23185.243,23188.808,23182.753,23183.964,162
1754011800,23184.231,23187.408,23183.599,23185.265,155
1754011860,23184.597,23192.331,23184.408,23190.243,156
1754011920,23189.989,23191.521,23186.342,23187.989,188
1754011980,23187.865,23190.710,23184.376,23189.309,166
1754012040,23189.321,23192.408,23188.065,23191.609,131
1754012100,23191.376,23191.789,23188.321,23188.908,119
1754012160,23189.043,23196.999,23189.043,23194.221,169
1754012220,23194.010,23197.364,23193.886,23195.289,153
1754012280,23195.220,23196.499,23192.043,23192.043,164
1754012340,23192.086,23193.409,23188.408,23192.776,160
1754012400,23192.799,23193.587,23190.053,23191.898,152
1754012460,23191.375,23195.076,23190.365,23193.776,123
1754012520,23193.520,23198.353,23193.098,23197.032,159
1754012580,23197.499,23197.499,23194.242,23194.332,133
1754012640,23193.887,23195.919,23191.742,23193.832,129
1754012700,23193.921,23194.689,23186.109,23188.364,202
1754012760,23188.297,23190.520,23184.565,23188.353,165
1754012820,23188.554,23190.387,23186.021,23186.021,113
1754012880,23186.464,23189.321,23182.875,23184.076,134
1754012940,23185.576,23186.520,23183.565,23184.832,161
1754013000,23184.575,23186.286,23181.354,23185.065,161
1754013060,23185.265,23189.609,23184.932,23188.331,145
1754013120,23188.532,23189.087,23185.320,23189.064,130
1754013180,23189.310,23194.331,23189.042,23191.397,135
1754013240,23191.699,23192.609,23188.821,23191.919,123
1754013300,23192.053,23193.999,23188.565,23188.565,101
1754013360,23188.464,23193.589,23188.119,23193.576,132
1754013420,23193.421,23193.421,23191.253,23191.409,86
1754013480,23191.210,23191.599,23188.532,23190.386,102
1754013540,23190.232,23195.754,23189.510,23192.376,112
1754020800,23174.432,23174.832,23166.331,23170.532,209
1754020860,23170.897,23177.898,23170.897,23177.032,164
1754020920,23177.031,23184.799,23176.921,23184.798,116
1754020980,23184.799,23184.799,23172.921,23175.410,157
1754021040,23175.731,23176.919,23174.053,23175.009,117
1754021100,23174.542,23178.097,23174.398,23177.109,104
1754021160,23177.386,23181.799,23175.354,23180.432,124
1754021220,23180.386,23183.908,23179.486,23183.289,115
1754021280,23182.964,23186.808,23182.810,23186.087,99
1754021340,23186.275,23186.289,23180.386,23180.387,96
1754021400,23179.843,23187.854,23179.431,23187.753,104
1754021460,23187.843,23189.589,23183.365,23183.376,120
1754021520,23183.442,23187.908,23183.375,23187.908,76
1754021580,23187.931,23191.276,23187.308,23188.465,125
1754021640,23188.531,23190.419,23187.919,23188.020,90
1754021700,23187.987,23190.089,23186.865,23189.875,87
1754021760,23190.108,23190.297,23185.964,23185.965,81
1754021820,23186.919,23187.364,23182.221,23186.986,87
1754021880,23187.042,23189.542,23185.864,23189.321,62
1754021940,23189.508,23191.408,23189.020,23189.543,74
1754022000,23189.486,23191.308,23186.321,23186.843,84
1754022060,23186.520,23188.397,23183.853,23184.308,95
1754022120,23184.789,23186.065,23182.932,23185.342,67
1754022180,23185.119,23187.489,23184.832,23185.875,60
1754022240,23185.775,23186.887,23184.810,23185.875,75
1754022300,23185.732,23186.509,23185.020,23185.864,84
1754022360,23185.932,23187.865,23185.521,23187.289,72
1754022420,23186.887,23188.097,23186.253,23186.820,74
1754022480,23187.510,23187.589,23183.321,23183.497,71
1754022540,23183.710,23186.499,23183.710,23185.264,66
1754022600,23185.376,23186.599,23183.497,23186.376,83
1754022660,23186.499,23186.575,23183.519,23183.519,47
1754022720,23183.354,23185.299,23183.354,23184.810,58
1754022780,23184.989,23185.798,23180.520,23181.064,100
1754022840,23181.397,23182.819,23180.965,23182.387,65
1754022900,23182.542,23182.599,23179.309,23181.365,91
1754022960,23181.489,23185.886,23181.020,23185.531,81
1754023020,23185.875,23186.199,23184.553,23185.819,68
1754023080,23185.521,23185.521,23182.532,23182.532,58
1754023140,23182.999,23185.786,23180.875,23185.587,70
1754023200,23187.565,23189.353,23185.787,23185.909,107
1754023260,23185.521,23187.999,23185.342,23187.497,66
1754023320,23187.619,23190.498,23186.843,23190.076,81
1754023380,23189.987,23189.987,23186.376,23186.543,66
1754023440,23186.876,23189.308,23186.465,23188.420,69
1754023500,23188.575,23189.521,23187.398,23188.089,66
1754023560,23187.775,23188.898,23186.253,23188.365,73
1754023620,23188.109,23188.109,23185.097,23186.897,80
1754023680,23187.053,23187.053,23182.109,23182.398,104
1754023740,23182.232,23182.789,23176.954,23177.865,116
1754023800,23178.231,23181.689,23178.231,23181.689,102
1754023860,23181.331,23181.832,23177.086,23178.897,97
1754023920,23178.909,23179.043,23176.332,23178.053,74
1754023980,23178.265,23186.408,23178.054,23186.408,88
1754024040,23186.075,23188.789,23186.075,23187.799,100
1754024100,23187.764,23187.819,23184.387,23184.387,76
1754024160,23185.109,23185.419,23181.475,23184.321,88
1754024220,23184.264,23186.299,23183.297,23184.897,72
1754024280,23184.754,23185.599,23184.098,23184.599,60
1754024340,23184.908,23189.599,23184.908,23188.487,77
1754024400,23188.564,23193.521,23187.386,23193.321,114
1754024460,23193.498,23193.498,23190.331,23191.532,93
1754024520,23191.497,23191.497,23188.298,23190.542,91
1754024580,23190.765,23191.097,23186.998,23188.042,69
1754024640,23187.510,23188.286,23185.997,23186.542,69
1754024700,23186.509,23187.754,23185.520,23187.109,74
1754024760,23187.220,23191.954,23186.831,23191.598,91
1754024820,23191.799,23194.397,23190.231,23193.965,98
1754024880,23193.910,23194.789,23192.531,23192.575,94
1754024940,23192.608,23192.887,23189.097,23191.343,93
1754025000,23191.732,23193.397,23191.098,23191.098,88
1754025060,23191.354,23191.354,23183.820,23183.820,131
1754025120,23183.787,23186.887,23182.354,23185.397,124
1754025180,23185.599,23187.097,23183.986,23183.986,77
1754025240,23184.042,23185.589,23183.042,23184.320,77
1754025300,23184.420,23186.689,23182.820,23185.075,82
1754025360,23184.964,23185.386,23182.376,23184.721,77
1754025420,23184.731,23185.989,23182.554,23185.232,79
1754025480,23184.887,23185.099,23181.887,23181.887,76
1754025540,23181.921,23186.119,23181.921,23185.410,77
1754025600,23185.321,23187.775,23181.420,23181.999,88
1754025660,23181.609,23181.943,23180.010,23180.354,118
1754025720,23180.519,23184.099,23180.376,23181.598,85
1754025780,23181.364,23182.865,23180.242,23180.997,98
1754025840,23180.908,23184.409,23180.364,23182.331,103
1754025900,23182.319,23182.998,23179.453,23182.021,104
1754025960,23182.310,23182.310,23179.365,23179.910,92
1754026020,23180.032,23181.109,23179.242,23179.498,77
1754026080,23179.586,23180.310,23176.710,23178.119,80
1754026140,23177.965,23177.965,23174.510,23177.097,131
1754026200,23177.043,23184.099,23176.353,23182.865,156
1754026260,23182.732,23182.908,23180.042,23180.242,111
1754026320,23180.097,23184.908,23179.343,23183.332,116
1754026380,23183.886,23184.764,23180.299,23180.299,101
1754026440,23180.608,23184.775,23180.564,23183.554,62
1754026500,23183.842,23184.499,23179.421,23179.576,86
1754026560,23179.442,23179.865,23177.332,23177.332,86
1754026620,23177.397,23180.089,23175.220,23177.076,105
1754026680,23176.475,23176.609,23172.032,23173.431,132
1754026740,23173.364,23176.989,23172.420,23174.387,108
1754026800,23174.287,23175.999,23173.964,23175.443,125
1754026860,23175.331,23180.289,23174.276,23179.753,91
1754026920,23180.108,23182.876,23179.353,23179.598,135
1754026980,23178.789,23179.553,23173.098,23173.408,120
1754027040,23173.454,23173.842,23168.065,23169.475,142
1754027100,23169.364,23169.365,23163.289,23163.821,164
1754027160,23163.921,23167.309,23163.732,23165.776,149
1754027220,23165.531,23173.008,23164.921,23171.521,126
1754027280,23171.742,23171.742,23165.943,23166.042,124
1754027340,23165.343,23167.987,23163.486,23167.354,114
1754027400,23167.464,23170.419,23162.554,23164.931,157
1754027460,23165.276,23170.299,23160.320,23169.608,180
1754027520,23169.465,23170.354,23164.554,23168.497,148
1754027580,23168.398,23171.699,23167.343,23171.565,111
1754027640,23171.475,23173.089,23168.876,23170.231,79
1754027700,23170.042,23172.799,23166.019,23166.598,137
1754027760,23166.464,23166.564,23161.298,23165.499,137
1754027820,23165.265,23165.265,23162.997,23163.309,104
1754027880,23163.375,23165.119,23162.019,23163.299,123
1754027940,23163.332,23165.409,23161.498,23162.810,113
1754028000,23162.999,23162.999,23156.820,23160.321,216
1754028060,23160.521,23161.865,23158.342,23158.997,151
1754028120,23159.097,23166.232,23159.097,23162.064,163
1754028180,23162.275,23166.319,23162.275,23164.354,129
1754028240,23164.065,23165.999,23162.042,23164.554,103
1754028300,23164.764,23165.699,23156.021,23157.808,162
1754028360,23157.919,23164.075,23157.919,23162.221,163
1754028420,23162.043,23163.589,23160.042,23160.042,144
1754028480,23160.364,23162.809,23158.787,23159.843,132
1754028540,23160.386,23165.589,23159.876,23163.454,137
1754028600,23163.609,23163.609,23153.510,23157.054,181
1754028660,23156.932,23157.564,23148.565,23150.887,187
1754028720,23150.753,23152.789,23145.331,23146.332,166
1754028780,23146.387,23151.597,23146.387,23147.289,150
1754028840,23147.232,23148.099,23145.254,23146.853,106
1754028900,23146.553,23152.799,23146.553,23150.554,147
1754028960,23150.853,23153.289,23145.564,23147.875,141
1754029020,23147.953,23147.953,23143.842,23147.089,136
1754029080,23146.932,23149.220,23145.954,23146.486,118
1754029140,23146.564,23151.597,23146.054,23149.064,131
1754029200,23149.319,23149.410,23144.231,23147.020,117
1754029260,23147.442,23151.089,23146.919,23150.021,130
1754029320,23150.210,23151.089,23148.043,23150.464,114
1754029380,23150.521,23154.289,23149.032,23153.020,112
1754029440,23152.898,23153.831,23150.576,23151.553,104
1754029500,23151.421,23152.332,23148.031,23151.053,150
1754029560,23151.221,23151.221,23146.321,23147.220,120
1754029620,23146.989,23151.364,23145.731,23145.854,132
1754029680,23145.576,23145.576,23136.098,23136.887,191
1754029740,23137.099,23137.099,23130.609,23132.086,238
1754029800,23131.375,23136.908,23126.020,23128.331,288
1754029860,23128.042,23136.898,23128.042,23132.354,238
1754029920,23132.509,23138.275,23132.364,23133.832,180
1754029980,23133.965,23137.789,23131.321,23134.087,161
1754030040,23134.420,23142.789,23133.375,23136.431,201
1754030100,23136.820,23138.199,23131.331,23132.532,157
1754030160,23132.797,23135.699,23127.343,23127.343,159
1754030220,23127.720,23134.875,23127.264,23133.065,173
1754030280,23133.354,23137.731,23131.876,23136.432,171
1754030340,23136.819,23136.909,23131.886,23132.553,136
1754030400,23132.997,23135.519,23132.321,23135.519,113
1754030460,23136.564,23137.489,23134.586,23134.586,106
1754030520,23134.376,23138.599,23132.331,23133.864,143
1754030580,23133.953,23138.298,23133.564,23135.031,123
1754030640,23135.231,23138.099,23133.964,23135.754,124
1754030700,23135.810,23136.343,23128.932,23134.332,168
1754030760,23134.486,23138.299,23133.075,23138.189,112
1754030820,23137.598,23142.998,23137.031,23141.864,153
1754030880,23142.019,23145.089,23139.976,23144.865,129
1754030940,23145.299,23146.789,23143.265,23143.432,142
1754031000,23143.343,23148.419,23143.321,23148.098,122
1754031060,23147.909,23148.532,23144.764,23145.731,130
1754031120,23145.710,23149.699,23145.710,23148.820,121
1754031180,23148.910,23149.589,23145.521,23147.586,123
1754031240,23147.742,23147.875,23134.731,23136.589,192
1754031300,23136.489,23136.942,23128.810,23131.010,215
1754031360,23130.810,23131.199,23126.243,23127.021,169
1754031420,23126.989,23134.308,23125.497,23134.089,181
1754031480,23133.531,23134.289,23129.853,23131.453,159
1754031540,23133.765,23139.799,23132.309,23138.409,207
1754031600,23139.053,23146.586,23136.299,23145.731,288
1754031660,23145.564,23148.409,23136.831,23138.587,301
1754031720,23138.397,23138.864,23128.108,23130.298,300
1754031780,23130.086,23130.398,23116.864,23125.231,319
1754031840,23125.119,23129.510,23116.286,23118.720,275
1754031900,23118.542,23123.589,23110.386,23120.820,289
1754031960,23121.376,23130.409,23120.798,23120.964,294
1754032020,23120.464,23130.398,23118.342,23122.619,276
1754032080,23122.587,23122.689,23112.787,23112.843,286
1754032140,23112.989,23112.989,23103.119,23105.098,318
1754032200,23104.986,23106.398,23096.032,23099.397,302
1754032260,23099.308,23106.965,23096.810,23103.365,304
1754032320,23103.210,23113.608,23098.531,23111.831,273
1754032380,23112.398,23112.398,23098.320,23101.497,287
1754032440,23101.608,23101.608,23095.954,23099.264,258
1754032500,23100.364,23100.808,23086.021,23088.932,303
1754032560,23088.699,23092.843,23084.375,23087.398,299
1754032620,23087.476,23094.597,23087.231,23090.364,289
1754032680,23090.287,23090.909,23083.565,23084.876,293
1754032740,23084.932,23085.098,23074.076,23076.032,310
1754032800,23076.332,23078.586,23067.887,23069.076,321
1754032860,23069.365,23078.087,23067.321,23077.865,313
1754032920,23077.520,23077.887,23065.853,23068.531,306
1754032980,23068.742,23071.243,23060.464,23070.989,302
1754033040,23070.398,23077.264,23066.486,23074.976,309
1754033100,23074.887,23087.109,23073.797,23087.099,320
1754033160,23086.365,23086.589,23069.220,23069.220,287
1754033220,23069.053,23069.609,23061.532,23064.031,287
1754033280,23063.954,23067.210,23058.565,23059.387,268
1754033340,23060.086,23060.887,23055.031,23055.309,281
1754033400,23054.497,23073.443,23053.887,23068.099,302
1754033460,23066.942,23067.897,23057.587,23061.542,301
1754033520,23061.853,23061.932,23054.031,23056.464,276
1754033580,23056.020,23057.819,23047.965,23048.019,286
1754033640,23047.831,23048.798,23040.831,23041.010,316
1754033700,23041.497,23048.353,23038.119,23038.989,301
1754033760,23038.521,23050.798,23022.932,23036.689,336
1754033820,23036.375,23041.575,23031.365,23037.909,304
1754033880,23037.842,23044.831,23035.476,23037.564,313
1754033940,23037.798,23037.953,23029.054,23031.109,286
1754034000,23031.898,23039.064,23011.965,23027.289,342
1754034060,23027.231,23033.589,23020.009,23027.076,306
1754034120,23025.909,23037.297,23021.820,23032.308,297
1754034180,23032.009,23038.342,23026.043,23037.532,290
1754034240,23037.331,23037.710,23030.310,23031.998,277
1754034300,23031.765,23040.608,23028.887,23033.943,287
1754034360,23033.810,23033.998,23019.432,23033.099,259
1754034420,23033.387,23033.387,23021.864,23021.864,272
1754034480,23021.776,23028.310,23015.987,23016.265,270
1754034540,23016.464,23018.397,23010.710,23013.743,300
1754034600,23013.586,23019.765,23008.576,23014.510,311
1754034660,23015.320,23019.019,22998.342,23014.920,313
1754034720,23014.875,23025.189,23011.710,23023.743,275
1754034780,23023.220,23024.799,23014.953,23015.319,272
1754034840,23014.919,23019.731,23012.765,23018.953,247
1754034900,23018.454,23033.832,23014.410,23033.832,270
1754034960,23033.608,23042.442,23032.854,23039.364,308
1754035020,23038.598,23046.408,23038.476,23041.543,273
1754035080,23041.809,23043.086,23037.608,23039.210,238
1754035140,23038.909,23039.497,23033.487,23039.497,236
1754035200,23039.998,23041.887,23029.997,23030.542,323
1754035260,23030.265,23040.689,23028.587,23029.254,326
1754035320,23029.054,23037.754,23024.853,23033.054,319
1754035380,23031.043,23032.821,23026.443,23029.797,296
1754035440,23030.608,23032.499,23019.010,23020.075,295
1754035500,23019.954,23023.254,23012.609,23019.910,324
1754035560,23020.054,23027.499,23014.553,23026.765,311
1754035620,23027.289,23031.319,23022.089,23027.375,291
1754035680,23027.432,23028.831,23020.386,23021.475,310
1754035740,23021.442,23022.087,23014.842,23016.964,278
1754035800,23017.897,23018.109,23006.908,23006.909,287
1754035860,23007.108,23009.819,23001.786,23008.521,289
1754035920,23008.819,23020.989,22999.232,23020.543,306
1754035980,23020.375,23023.331,23012.999,23021.909,284
1754036040,23021.543,23024.598,23014.789,23014.886,282
1754036100,23015.764,23024.431,23014.454,23024.431,260
1754036160,23024.398,23027.189,23019.765,23022.108,267
1754036220,23022.342,23030.099,23022.064,23023.532,263
1754036280,23023.565,23033.764,23023.310,23028.365,267
1754036340,23028.308,23029.243,23021.320,23022.799,248
1754036400,23022.909,23024.865,23015.521,23016.375,250
1754036460,23016.432,23017.075,23002.587,23003.532,256
1754036520,23003.909,23005.289,22998.731,23004.021,285
1754036580,23004.031,23008.699,22999.876,23001.542,238
1754036640,23001.775,23003.789,22998.031,23001.542,237
1754036700,23001.553,23005.587,22986.053,22986.053,280
1754036760,22985.998,22985.998,22974.521,22974.521,291
1754036820,22973.598,22973.598,22957.375,22958.375,330
1754036880,22958.589,22961.043,22954.397,22955.699,294
1754036940,22955.264,22955.898,22940.898,22952.986,312
1754037000,22953.009,22966.608,22948.242,22958.876,324
1754037060,22958.597,22971.989,22957.542,22969.510,316
1754037120,22969.320,22972.932,22960.053,22964.599,309
1754037180,22964.265,22965.299,22951.542,22952.189,323
1754037240,22951.842,22963.087,22948.521,22961.519,300
1754037300,22961.354,22968.554,22947.910,22947.920,287
1754037360,22947.542,22965.608,22944.087,22956.754,316
1754037420,22956.353,22957.887,22947.931,22949.564,315
1754037480,22949.575,22953.865,22941.543,22943.553,298
1754037540,22942.487,22944.999,22934.986,22934.986,305
1754037600,22934.820,22949.789,22932.532,22945.398,318
1754037660,22945.576,22958.908,22941.376,22958.821,306
1754037720,22958.853,22964.589,22954.731,22954.764,323
1754037780,22954.932,22959.489,22946.932,22958.465,286
1754037840,22958.754,22963.275,22954.332,22960.099,260
1754037900,22959.732,22972.499,22957.821,22971.909,265
1754037960,22971.998,22972.909,22966.831,22969.342,272
1754038020,22969.265,22981.810,22965.332,22981.321,295
1754038080,22981.031,22981.965,22974.819,22980.531,282
1754038140,22980.565,22981.754,22975.586,22980.554,258
1754038200,22979.920,22990.789,22977.919,22989.753,281
1754038260,22989.831,22992.354,22981.598,22984.420,276
1754038320,22985.489,22985.499,22972.575,22983.420,274
1754038380,22983.589,22984.320,22979.732,22982.310,264
1754038440,22982.299,22988.397,22979.053,22986.897,263
1754038500,22986.775,22993.097,22985.097,22992.887,265
1754038560,22992.920,22997.532,22991.342,22997.010,265
1754038620,22996.975,22997.599,22984.498,22987.242,270
1754038680,22987.887,22991.599,22984.442,22986.098,261
1754038740,22986.286,22986.909,22982.775,22984.075,243
1754038800,22984.076,22987.319,22977.520,22987.298,289
1754038860,22987.554,22995.854,22987.554,22992.887,235
1754038920,22992.599,22995.310,22990.419,22994.064,218
1754038980,22994.387,22996.908,22990.119,22992.021,220
1754039040,22992.064,23005.010,22990.320,23004.098,225
1754039100,23004.020,23006.819,22993.553,22993.865,231
1754039160,22993.576,23010.320,22991.832,23010.320,258
1754039220,23009.597,23009.597,22995.609,22999.921,250
1754039280,22999.821,23002.319,22987.521,22992.054,270
1754039340,22991.920,22994.989,22990.443,22993.787,242
1754039400,22993.543,22998.019,22992.920,22993.832,247
1754039460,22994.298,22994.298,22985.609,22988.019,223
1754039520,22988.031,22998.453,22984.354,22984.587,224
1754039580,22984.419,22987.619,22983.532,22986.510,240
1754039640,22986.553,22987.475,22980.865,22981.420,255
1754039700,22981.532,22984.754,22974.397,22976.308,240
1754039760,22975.386,22985.986,22973.375,22983.375,262
1754039820,22983.299,22991.489,22981.832,22987.689,269
1754039880,22987.398,22993.999,22983.520,22992.731,251
1754039940,22992.710,22995.598,22979.376,22980.908,248
1754040000,22980.797,22982.909,22968.287,22969.875,276
1754040060,22969.908,22975.999,22967.597,22972.932,285
1754040120,22972.398,22974.787,22966.364,22972.099,247
1754040180,22970.597,22974.043,22968.820,22970.332,221
1754040240,22970.497,22977.189,22968.776,22976.189,218
1754040300,22976.297,22978.742,22967.443,22967.599,238
1754040360,22967.289,22972.097,22965.276,22965.276,210
1754040420,22965.287,22972.499,22964.465,22968.086,202
1754040480,22967.553,22969.789,22964.364,22964.609,207
1754040540,22964.586,22967.554,22962.821,22963.553,198
1754040600,22964.076,22964.310,22956.586,22959.564,260
1754040660,22959.876,22982.754,22959.309,22977.809,251
1754040720,22978.089,22981.897,22972.410,22974.832,242
1754040780,22975.020,22976.609,22965.021,22967.364,246
1754040840,22967.010,22978.289,22967.010,22975.189,246
1754040900,22975.397,22980.299,22972.410,22980.299,227
1754040960,22979.331,22983.689,22971.386,22974.989,216
1754041020,22974.753,22980.843,22973.543,22977.508,202
1754041080,22977.343,22985.098,22975.320,22984.232,237
1754041140,22984.221,22991.254,22982.853,22990.053,260
1754041200,22990.098,22994.465,22986.753,22993.897,238
1754041260,22993.764,22994.319,22989.065,22992.008,235
1754041320,22991.875,22996.499,22982.321,22982.999,220
1754041380,22982.619,22990.531,22982.619,22987.510,201
1754041440,22987.419,22992.789,22987.031,22992.054,217
1754041500,22991.976,22998.320,22990.064,22993.531,213
1754041560,22994.253,22999.742,22992.808,22998.789,218
1754041620,22998.898,23003.387,22997.731,22997.831,196
1754041680,22997.854,23001.589,22996.998,23000.775,187
1754041740,23000.886,23001.353,22995.932,22999.575,191
1754041800,22999.565,22999.789,22990.376,22995.053,235
1754041860,22995.353,22998.276,22990.354,22997.031,237
1754041920,22997.264,22998.919,22994.010,22997.310,190
1754041980,22997.108,23002.199,22993.820,23001.909,183
1754042040,23001.564,23001.821,22991.808,22993.042,202
1754042100,22993.232,23001.031,22992.875,22995.542,224
1754042160,22995.342,22998.289,22992.043,22996.420,200
1754042220,22996.564,23002.699,22995.720,23002.232,185
1754042280,23002.599,23002.789,22999.810,23000.286,154
1754042340,22999.789,23000.854,22996.053,22997.398,208
1754049600,22995.286,22996.619,22987.554,22988.119,239
1754049660,22988.032,22992.376,22982.520,22984.365,249
1754049720,22984.289,22994.299,22983.043,22993.109,237
1754049780,22992.908,23001.564,22992.821,22999.864,213
1754049840,22999.989,23000.089,22995.742,22998.831,217
1754049900,22999.065,23001.989,22995.754,23000.332,213
1754049960,23000.064,23002.532,22993.575,22999.376,207
1754050020,22999.253,23002.089,22996.064,22999.898,188
1754050080,22999.508,23001.032,22993.442,22996.542,198
1754050140,22996.497,22998.098,22992.997,22997.353,198
1754050200,22997.231,23007.454,22997.086,23004.287,200
1754050260,23004.689,23007.289,23002.010,23005.776,220
1754050320,23005.789,23009.187,23003.831,23009.187,210
1754050380,23009.489,23009.899,22998.175,22998.175,240
1754050440,22997.889,23002.599,22995.087,23000.854,234
1754050500,23000.686,23003.299,22994.409,22994.576,223
1754050560,22994.542,22997.198,22991.154,22997.076,255
1754050620,22996.654,22997.089,22983.231,22984.532,235
1754050680,22984.353,22987.698,22981.409,22984.889,254
1754050740,22984.876,22992.142,22983.209,22986.853,262
1754050800,22986.819,22988.731,22981.043,22982.676,235
1754050860,22982.819,22993.364,22982.819,22985.710,242
1754050920,22986.219,22993.789,22984.665,22989.398,244
1754050980,22989.419,22994.687,22986.375,22992.197,224
1754051040,22992.109,22995.819,22990.521,22994.353,192
1754051100,22994.308,22994.899,22989.376,22992.697,230
1754051160,22992.589,22996.775,22990.665,22991.698,210
1754051220,22991.808,22993.219,22984.819,22992.086,247
1754051280,22992.386,22997.764,22991.197,22994.875,235
1754051340,22994.721,22997.208,22994.197,22995.499,135
1754051400,22995.309,22995.309,22937.520,22959.542,381
1754051460,22960.198,22981.409,22955.297,22963.531,359
1754051520,22963.154,22971.308,22955.310,22970.653,352
1754051580,22969.799,22976.489,22944.821,22948.798,345
1754051640,22948.909,22954.021,22932.489,22933.789,358
1754051700,22933.043,22956.708,22932.853,22955.665,359
1754051760,22955.408,22982.732,22948.831,22982.221,353
1754051820,22982.220,22995.887,22971.543,22975.299,358
1754051880,22974.731,23000.154,22970.353,22987.865,357
1754051940,22987.409,22993.619,22976.698,22990.620,352
1754052000,22990.575,23017.854,22987.632,23017.708,364
1754052060,23014.708,23032.865,23009.831,23031.876,355
1754052120,23034.597,23038.365,23021.153,23024.365,355
1754052180,23025.198,23026.876,23014.643,23024.586,347
1754052240,23024.332,23031.399,23019.331,23022.208,336
1754052300,23021.397,23021.397,22985.897,22991.389,355
1754052360,22991.389,23006.119,22988.843,22997.142,323
1754052420,22996.708,22999.164,22984.265,22993.399,343
1754052480,22993.165,23007.809,22993.165,22994.364,321
1754052540,22994.531,22995.110,22980.164,22980.898,319
1754052600,22980.197,22984.287,22973.832,22975.120,331
1754052660,22974.886,22976.208,22963.531,22965.176,332
1754052720,22965.365,22971.675,22963.798,22966.143,310
1754052780,22965.889,22988.775,22965.387,22981.886,331
1754052840,22981.819,22987.098,22975.010,22976.875,318
1754052900,22976.409,22979.909,22968.253,22971.365,336
1754052960,22970.642,22974.119,22950.698,22951.389,343
1754053020,22951.531,22965.709,22945.876,22963.310,339
1754053080,22962.820,22963.899,22947.089,22948.897,315
1754053140,22949.599,22955.887,22935.676,22940.208,329
1754053200,22940.654,22968.265,22939.843,22966.897,326
1754053260,22968.386,22968.386,22957.676,22962.664,321
1754053320,22962.732,22974.131,22956.708,22969.321,327
1754053380,22969.810,22971.789,22943.110,22948.365,325
1754053440,22948.120,22952.175,22939.610,22950.865,327
1754053500,22950.586,22959.789,22947.843,22951.332,322
1754053560,22951.599,22961.919,22950.620,22959.254,313
1754053620,22959.121,22963.789,22949.853,22954.197,313
1754053680,22953.886,22957.389,22946.732,22949.631,335
1754053740,22949.375,22950.321,22943.109,22950.010,297
1754053800,22949.886,22957.309,22947.076,22956.842,293
1754053860,22956.621,22961.743,22945.664,22945.664,321
1754053920,22946.297,22946.854,22938.409,22938.654,300
1754053980,22937.720,22939.397,22933.643,22934.343,315
1754054040,22934.286,22936.143,22930.387,22931.698,318
1754054100,22931.310,22936.854,22928.110,22935.031,319
1754054160,22935.354,22936.743,22925.276,22933.108,322
1754054220,22932.908,22937.575,22930.075,22937.076,291
1754054280,22936.832,22941.299,22933.297,22940.343,293
1754054340,22940.499,22943.299,22934.919,22940.819,315
1754054400,22941.109,22941.109,22925.287,22933.489,330
1754054460,22933.387,22937.653,22930.575,22935.154,301
1754054520,22935.065,22941.099,22926.589,22934.120,305
1754054580,22934.389,22937.099,22932.310,22934.765,270
1754054640,22934.864,22941.098,22930.364,22934.110,286
1754054700,22933.042,22933.042,22919.342,22926.875,343
1754054760,22926.786,22928.386,22919.131,22924.389,329
1754054820,22924.043,22931.089,22921.320,22923.808,323
1754054880,22923.854,22938.810,22923.854,22934.819,341
1754054940,22934.876,22960.697,22934.820,22959.298,348
1754055000,22960.386,22960.386,22911.220,22913.599,433
1754055060,22914.564,22969.876,22909.353,22958.686,429
1754055120,22956.831,22956.831,22900.510,22910.098,428
1754055180,22912.153,22914.686,22887.564,22907.009,402
1754055240,22907.264,22909.075,22877.210,22891.575,405
1754055300,22889.697,22907.265,22879.120,22886.098,422
1754055360,22886.031,22887.289,22863.219,22863.219,424
1754055420,22862.043,22906.264,22854.721,22902.798,409
1754055480,22902.998,22909.053,22887.799,22900.289,416
1754055540,22900.119,22900.119,22864.976,22868.054,400
1754055600,22868.765,22868.765,22845.819,22845.819,405
1754055660,22844.553,22855.231,22836.943,22838.697,387
1754055720,22838.809,22849.809,22816.564,22818.754,373
1754055780,22820.699,22822.608,22803.687,22817.989,379
1754055840,22819.210,22819.210,22795.109,22795.787,377
1754055900,22795.708,22805.698,22773.798,22774.998,391
1754055960,22773.165,22795.087,22768.498,22779.242,395
1754056020,22779.243,22804.764,22772.076,22772.076,397
1754056080,22770.532,22776.608,22753.965,22755.108,382
1754056140,22755.186,22764.319,22742.531,22742.532,379
1754056200,22743.143,22757.464,22741.532,22754.499,392
1754056260,22754.276,22785.253,22746.642,22784.721,383
1754056320,22785.076,22785.076,22741.920,22742.031,377
1754056380,22739.675,22750.564,22736.431,22746.687,377
1754056440,22746.597,22761.253,22736.476,22757.653,380
1754056500,22753.476,22772.109,22749.532,22764.798,381
1754056560,22765.586,22780.943,22763.308,22777.031,389
1754056620,22775.809,22779.586,22758.453,22759.564,383
1754056680,22758.654,22778.319,22755.742,22761.965,376
1754056740,22762.489,22763.999,22747.975,22756.486,358
1754056800,22742.942,22748.987,22695.554,22703.608,404
1754056860,22703.899,22704.620,22682.754,22691.765,397
1754056920,22690.742,22696.399,22681.943,22686.187,399
1754056980,22685.498,22719.575,22676.632,22717.143,391
1754057040,22718.132,22754.476,22711.743,22735.964,388
1754057100,22737.798,22747.587,22717.053,22720.797,388
1754057160,22718.787,22753.299,22711.510,22751.153,385
1754057220,22751.276,22765.576,22721.242,22724.786,387
1754057280,22724.598,22747.189,22718.065,22747.189,383
1754057340,22747.119,22776.597,22740.489,22768.109,381
1754057400,22766.054,22791.808,22764.309,22786.510,387
1754057460,22787.031,22792.442,22777.021,22781.232,381
1754057520,22782.531,22804.987,22776.520,22795.520,380
1754057580,22796.753,22804.032,22779.508,22779.508,383
1754057640,22780.021,22799.297,22780.021,22785.097,380
1754057700,22785.087,22805.775,22782.742,22798.453,388
1754057760,22798.619,22822.275,22797.265,22819.610,380
1754057820,22819.809,22831.075,22809.787,22821.997,376
1754057880,22821.642,22837.199,22818.198,22819.189,368
1754057940,22818.510,22828.675,22808.889,22809.664,379
1754058000,22810.299,22838.889,22809.765,22835.710,379
1754058060,22835.520,22837.986,22813.509,22817.799,383
1754058120,22818.075,22829.699,22801.620,22805.308,398
1754058180,22805.454,22840.598,22799.186,22837.954,393
1754058240,22838.254,22846.231,22821.742,22841.676,391
1754058300,22842.975,22846.520,22822.189,22822.299,388
1754058360,22821.432,22858.710,22821.432,22858.131,376
1754058420,22855.753,22860.720,22840.742,22842.499,375
1754058480,22841.665,22860.199,22840.443,22851.765,376
1754058540,22851.065,22861.076,22849.275,22861.076,372
1754058600,22861.587,22877.664,22849.508,22866.143,389
1754058660,22865.953,22881.189,22857.142,22877.932,370
1754058720,22876.497,22881.698,22867.076,22875.031,373
1754058780,22875.389,22894.009,22875.389,22888.620,372
1754058840,22888.243,22898.631,22883.153,22885.289,374
1754058900,22885.198,22891.509,22867.219,22868.808,373
1754058960,22869.020,22890.021,22869.020,22885.521,384
1754059020,22885.631,22896.719,22884.809,22892.921,382
1754059080,22893.210,22894.119,22866.465,22866.564,379
1754059140,22866.554,22867.965,22852.286,22857.454,376
1754059200,22857.120,22866.299,22847.076,22851.742,386
1754059260,22853.776,22875.132,22847.054,22865.686,401
1754059320,22866.253,22867.075,22845.575,22850.109,373
1754059380,22849.987,22855.508,22838.175,22838.554,379
1754059440,22838.243,22843.899,22832.064,22835.454,380
1754059500,22835.798,22881.487,22835.619,22881.487,397
1754059560,22880.042,22888.642,22855.697,22868.476,387
1754059620,22867.808,22876.421,22863.653,22869.554,402
1754059680,22869.276,22871.020,22833.532,22833.532,373
1754059740,22832.621,22842.454,22821.297,22832.109,377
1754059800,22832.319,22842.510,22819.199,22820.609,390
1754059860,22819.754,22830.453,22801.708,22803.220,373
1754059920,22803.286,22819.708,22802.065,22816.065,368
1754059980,22815.965,22820.275,22809.008,22815.819,375
1754060040,22816.199,22826.189,22813.010,22814.997,361
1754060100,22816.142,22837.976,22813.708,22833.308,370
1754060160,22833.020,22841.254,22810.787,22811.119,376
1754060220,22810.042,22817.199,22804.710,22806.286,367
1754060280,22804.732,22820.432,22802.920,22806.910,367
1754060340,22806.176,22808.965,22796.098,22806.554,365
1754060400,22806.889,22807.620,22789.297,22796.120,367
1754060460,22796.719,22798.587,22778.454,22788.219,372
1754060520,22788.131,22806.497,22784.743,22804.742,365
1754060580,22805.042,22814.798,22800.732,22808.531,367
1754060640,22808.598,22815.275,22800.709,22801.098,362
1754060700,22800.998,22817.943,22798.486,22810.976,373
1754060760,22810.542,22818.054,22801.531,22816.999,379
1754060820,22815.920,22824.697,22812.819,22814.889,377
1754060880,22814.497,22815.999,22802.176,22808.308,363
1754060940,22808.399,22818.454,22802.509,22807.531,359
1754061000,22806.553,22811.289,22794.953,22804.286,367
1754061060,22803.965,22830.699,22803.020,22830.287,367
1754061120,22830.132,22835.498,22813.121,22814.131,372
1754061180,22814.609,22815.389,22802.021,22805.986,368
1754061240,22805.021,22808.308,22798.253,22800.265,358
1754061300,22800.443,22827.199,22797.889,22825.209,368
1754061360,22825.465,22834.665,22809.108,22809.108,360
1754061420,22809.308,22812.742,22798.543,22807.943,371
1754061480,22806.997,22810.899,22795.965,22801.298,360
1754061540,22801.421,22808.232,22795.199,22804.064,372
1754061600,22802.765,22823.499,22799.187,22808.664,374
1754061660,22809.264,22811.587,22791.065,22794.489,362
1754061720,22794.131,22795.809,22787.710,22790.554,356
1754061780,22790.232,22795.264,22786.054,22793.210,350
1754061840,22792.943,22796.989,22784.720,22787.187,347
1754061900,22786.465,22797.797,22782.610,22793.132,364
1754061960,22793.431,22800.609,22788.709,22789.676,364
1754062020,22789.042,22795.476,22784.075,22787.932,359
1754062080,22788.186,22802.609,22778.410,22778.819,371
1754062140,22779.920,22785.753,22776.942,22779.643,350
1754062200,22780.643,22786.575,22773.389,22781.154,368
1754062260,22782.598,22789.197,22776.732,22778.231,348
1754062320,22778.119,22792.931,22777.520,22787.543,369
1754062380,22786.675,22796.576,22782.499,22796.576,361
1754062440,22795.132,22796.632,22777.953,22780.786,364
1754062500,22781.487,22792.165,22778.197,22791.298,362
1754062560,22790.943,22800.976,22784.776,22798.431,367
1754062620,22796.686,22807.464,22793.410,22804.797,373
1754062680,22805.189,22822.053,22804.643,22817.009,369
1754062740,22817.053,22833.498,22816.799,22829.964,364
1754062800,22829.910,22846.964,22827.731,22846.964,359
1754062860,22848.399,22855.475,22844.619,22851.420,358
1754062920,22851.921,22862.189,22847.186,22861.489,349
1754062980,22861.689,22865.608,22856.420,22863.021,360
1754063040,22862.987,22871.299,22856.498,22870.154,360
1754063100,22869.565,22882.487,22868.143,22881.921,354
1754063160,22883.198,22892.475,22877.176,22883.986,358
1754063220,22883.731,22885.487,22861.543,22861.721,358
1754063280,22861.186,22874.699,22860.254,22866.253,361
1754063340,22866.521,22874.119,22863.621,22873.243,345
1754063400,22875.008,22877.953,22862.443,22863.498,356
1754063460,22863.510,22873.799,22863.110,22865.708,349
1754063520,22865.664,22869.689,22856.410,22866.519,343
1754063580,22866.510,22875.508,22859.665,22862.521,347
1754063640,22862.410,22877.119,22860.308,22871.442,353
1754063700,22870.742,22877.443,22861.699,22861.987,354
1754063760,22861.899,22872.498,22858.131,22868.131,354
1754063820,22868.165,22877.476,22862.754,22874.942,351
1754063880,22875.520,22880.699,22872.620,22879.009,341
1754063940,22879.020,22884.508,22878.421,22883.453,334
1754064000,22883.231,22896.619,22877.132,22891.987,362
1754064060,22892.289,22898.389,22887.253,22888.709,360
1754064120,22888.286,22906.508,22884.976,22903.998,355
1754064180,22904.486,22907.254,22889.542,22893.020,347
1754064240,22892.889,22903.565,22890.620,22902.965,350
1754064300,22902.586,22906.221,22896.219,22901.710,352
1754064360,22902.297,22912.921,22900.587,22909.776,345
1754064420,22909.698,22914.519,22899.410,22903.289,351
1754064480,22902.954,22905.009,22889.676,22898.954,360
1754064540,22897.976,22901.999,22894.010,22895.476,335
1754064600,22895.764,22900.689,22884.910,22885.731,341
1754064660,22885.298,22894.989,22882.232,22892.675,353
1754064720,22892.264,22897.109,22881.819,22881.819,347
1754064780,22882.698,22895.243,22878.676,22893.931,359
1754064840,22894.410,22900.699,22890.520,22899.575,358
1754064900,22899.587,22901.689,22890.932,22890.932,356
1754064960,22891.120,22896.008,22880.454,22887.221,363
1754065020,22887.253,22905.421,22886.019,22900.209,347
1754065080,22900.319,22906.699,22897.319,22897.319,331
1754065140,22895.775,22904.965,22895.775,22902.586,345
1754065200,22902.576,22908.454,22897.275,22901.998,353
1754065260,22902.110,22903.499,22884.719,22890.543,361
1754065320,22890.499,22898.943,22885.043,22898.586,343
1754065380,22898.798,22899.732,22892.186,22895.609,329
1754065440,22895.976,22900.699,22890.543,22900.421,334
1754065500,22899.709,22917.431,22897.420,22917.431,352
1754065560,22917.142,22920.964,22911.531,22913.021,344
1754065620,22913.189,22913.309,22898.454,22898.675,355
1754065680,22898.809,22899.932,22892.975,22895.142,358
1754065740,22895.964,22896.989,22883.632,22885.153,349
1754065800,22885.121,22890.689,22875.976,22880.765,360
1754065860,22880.621,22883.086,22874.199,22877.453,357
1754065920,22876.999,22880.297,22870.665,22871.531,349
1754065980,22871.753,22887.920,22871.575,22883.943,364
1754066040,22884.621,22894.989,22882.531,22894.598,354
1754066100,22894.454,22895.899,22883.519,22889.399,347
1754066160,22889.276,22896.199,22881.298,22888.232,347
1754066220,22887.920,22893.976,22871.931,22872.464,340
1754066280,22871.998,22871.998,22860.720,22861.987,365
1754066340,22861.597,22869.989,22861.164,22864.910,356
1754066400,22865.197,22866.799,22844.965,22844.965,357
1754066460,22844.186,22858.689,22841.598,22841.598,359
1754066520,22841.420,22845.743,22833.509,22838.176,337
1754066580,22838.076,22842.975,22835.187,22837.732,353
1754066640,22837.709,22844.509,22836.753,22840.487,334
1754066700,22838.789,22854.464,22838.043,22854.410,346
1754066760,22854.186,22860.097,22846.708,22849.497,353
1754066820,22849.231,22850.576,22830.097,22830.243,356
1754066880,22829.687,22838.699,22829.687,22831.542,343
1754066940,22831.643,22833.708,22824.975,22829.197,329
1754067000,22828.921,22831.999,22815.176,22817.032,340
1754067060,22816.020,22822.486,22814.009,22820.464,335
1754067120,22820.120,22821.487,22814.110,22817.132,337
1754067180,22817.308,22828.519,22802.442,22802.442,353
1754067240,22802.976,22809.920,22794.598,22799.643,362
1754067300,22798.809,22807.189,22785.510,22789.631,367
1754067360,22790.120,22794.542,22769.965,22769.965,364
1754067420,22769.410,22779.487,22763.621,22773.108,361
1754067480,22773.499,22773.499,22757.454,22759.708,356
1754067540,22759.464,22760.254,22749.487,22756.799,358
